SIS ID,Sequence,Family,Scientific name,Common name,RL Category,PE,PEW,Seabird,Waterbird,Landbird,Migratory status,Ecosystem - Terrestrial,Ecosystem - Freshwater,Ecosystem - Marine,RL AOO,Criteria met at highest level,RL EOO (smaller of breeding and non-breeding EOO),Population size (mature individuals),Population size derivation,Current population trend,Current population trend derivation
112665,20290,"Rails, Gallinules, Coots",Mentocrex beankaensis,Tsingy Forest Rail,VU,False,False,False,True,False,Not a migrant,True,True,False,0,B1ab(iii),5400.0,2500-9999,suspected,Decreasing,suspected
444,5810,"Ducks, Geese, Swans",Spatula cyanoptera,Cinnamon Teal,LC,False,False,False,True,False,Full migrant,True,True,False,0,,3.4E7,380000,inferred,Decreasing,suspected
445,5780,"Ducks, Geese, Swans",Spatula smithii,Cape Shoveler,LC,False,False,False,True,False,Not a migrant,True,True,True,0,,3380000.0,13300-33300,estimated,Increasing,suspected
343,4320,Screamers,Anhima cornuta,Horned Screamer,LC,False,False,False,True,False,Not a migrant,True,True,False,0,,1.23E7,16700-66700,estimated,Stable,suspected
344,4330,Screamers,Chauna chavaria,Northern Screamer,LC,False,False,False,True,False,Not a migrant,False,True,False,0,,267000.0,60000-130000,inferred,Stable,suspected
345,4340,Screamers,Chauna torquata,Southern Screamer,LC,False,False,False,True,False,Not a migrant,True,True,False,0,,4690000.0,66700-667000,estimated,Stable,suspected
346,4350,Magpie Goose,Anseranas semipalmata,Magpie Goose,LC,False,False,False,True,False,Nomadic,True,True,False,0,,5050000.0,667000-667000,estimated,Stable,suspected
347,4380,"Ducks, Geese, Swans",Dendrocygna guttata,Spotted Whistling-duck,LC,False,False,False,True,False,Not a migrant,True,True,False,0,,5630000.0,6700-17000,estimated,Stable,suspected
348,4410,"Ducks, Geese, Swans",Dendrocygna eytoni,Plumed Whistling-duck,LC,False,False,False,True,False,Not a migrant,True,True,False,0,,8030000.0,66700-667000,estimated,Stable,suspected
349,4400,"Ducks, Geese, Swans",Dendrocygna bicolor,Fulvous Whistling-duck,LC,False,False,False,True,False,Full migrant,True,True,False,0,,1.48E8,Unknown,estimated,Decreasing,suspected
351,4430,"Ducks, Geese, Swans",Dendrocygna javanica,Lesser Whistling-duck,LC,False,False,False,True,False,Not a migrant,True,True,True,0,,3.02E7,133000-1330000,estimated,Decreasing,suspected
352,4360,"Ducks, Geese, Swans",Dendrocygna viduata,White-faced Whistling-duck,LC,False,False,False,True,False,Full migrant,True,True,False,0,,7.54E7,1410000-1700000,estimated,Increasing,suspected
353,4390,"Ducks, Geese, Swans",Dendrocygna arborea,West Indian Whistling-duck,NT,False,False,False,True,False,Not a migrant,True,True,True,0,A3c,1260000.0,6000-15000,estimated,Decreasing,suspected
355,4440,"Ducks, Geese, Swans",Thalassornis leuconotus,White-backed Duck,LC,False,False,False,True,False,Not a migrant,True,True,False,0,,2.59E7,8500-20000,suspected,Decreasing,inferred
356,4460,"Ducks, Geese, Swans",Nomonyx dominicus,Masked Duck,LC,False,False,False,True,False,Not a migrant,True,True,False,0,,2.6E7,16000-200000,suspected,Stable,suspected
359,4520,"Ducks, Geese, Swans",Oxyura leucocephala,White-headed Duck,EN,False,False,False,True,False,Full migrant,True,True,False,0,A2bcde+4bcde,1.76E7,5300-8700,estimated,Decreasing,estimated
360,4510,"Ducks, Geese, Swans",Oxyura maccoa,Maccoa Duck,EN,False,False,False,True,False,Not a migrant,True,True,False,0,A2acde,8300000.0,4800-5700,inferred,Decreasing,estimated
361,4490,"Ducks, Geese, Swans",Oxyura vittata,Lake Duck,LC,False,False,False,True,False,Full migrant,True,True,False,0,,3010000.0,Unknown,suspected,Stable,suspected
362,4500,"Ducks, Geese, Swans",Oxyura australis,Blue-billed Duck,LC,False,False,False,True,False,Not a migrant,False,True,False,0,,5000000.0,"11000-19000, 15000",suspected,Stable,inferred
363,4560,"Ducks, Geese, Swans",Biziura lobata,Musk Duck,LC,False,False,False,True,False,Not a migrant,True,True,True,0,,6140000.0,20000-49999,suspected,Decreasing,suspected
364,4450,"Ducks, Geese, Swans",Heteronetta atricapilla,Black-headed Duck,LC,False,False,False,True,False,Full migrant,True,True,False,0,,5030000.0,Unknown,estimated,Stable,suspected
365,4580,"Ducks, Geese, Swans",Stictonetta naevosa,Freckled Duck,LC,False,False,False,True,False,Nomadic,True,True,True,0,,7540000.0,7300-17000,estimated,Stable,suspected
366,4630,"Ducks, Geese, Swans",Cygnus olor,Mute Swan,LC,False,False,False,True,False,Full migrant,True,True,True,0,,2.25E7,Unknown,estimated,Increasing,suspected
368,4610,"Ducks, Geese, Swans",Cygnus melancoryphus,Black-necked Swan,LC,False,False,False,True,False,Full migrant,True,True,True,0,,3770000.0,17300-67900,estimated,Stable,suspected
369,4650,"Ducks, Geese, Swans",Cygnus cygnus,Whooper Swan,LC,False,False,False,True,False,Full migrant,True,True,False,0,,2.95E7,Unknown,estimated,Unknown,not applicable
370,4640,"Ducks, Geese, Swans",Cygnus buccinator,Trumpeter Swan,LC,False,False,False,True,False,Full migrant,True,True,True,0,,7770000.0,50000,estimated,Increasing,estimated
371,4660,"Ducks, Geese, Swans",Cygnus columbianus,Tundra Swan,LC,False,False,False,True,False,Full migrant,True,True,False,0,,2.35E7,Unknown,estimated,Unknown,not applicable
372,4600,"Ducks, Geese, Swans",Coscoroba coscoroba,Coscoroba Swan,LC,False,False,False,True,False,Full migrant,True,True,False,0,,4250000.0,6700-17000,estimated,Stable,suspected
373,4820,"Ducks, Geese, Swans",Anser cygnoid,Swan Goose,EN,False,False,False,True,False,Full migrant,True,True,True,0,A4bcd,3940000.0,36000-43500,estimated,Decreasing,estimated
374,4840,"Ducks, Geese, Swans",Anser brachyrhynchus,Pink-footed Goose,LC,False,False,False,True,False,Full migrant,True,True,True,0,,1770000.0,Unknown,estimated,Increasing,estimated
376,4850,"Ducks, Geese, Swans",Anser albifrons,Greater White-fronted Goose,LC,False,False,False,True,False,Full migrant,True,True,True,0,,2.57E7,5000000-5999999,estimated,Unknown,not applicable
381,4790,"Ducks, Geese, Swans",Anser rossii,Ross's Goose,LC,False,False,False,True,False,Full migrant,True,True,False,0,,3960000.0,2100000,estimated,Increasing,estimated
382,4770,"Ducks, Geese, Swans",Anser canagicus,Emperor Goose,LC,False,False,False,True,False,Full migrant,True,True,True,0,,775000.0,90000-120000,estimated,Increasing,estimated
383,4730,"Ducks, Geese, Swans",Branta sandvicensis,Hawaiian Goose,NT,False,False,False,True,False,Altitudinal migrant,True,False,False,2564,"B2ab(ii,iii,iv,v); C2a(i)",50700.0,1700-2200,estimated,Increasing,estimated
386,4680,"Ducks, Geese, Swans",Branta bernicla,Brent Goose,LC,False,False,False,True,False,Full migrant,True,True,True,0,,2.21E7,490000,inferred,Unknown,not applicable
387,4700,"Ducks, Geese, Swans",Branta ruficollis,Red-breasted Goose,VU,False,False,False,True,False,Full migrant,True,True,True,0,A2bcd+3bcd+4bcd,1140000.0,Unknown,estimated,Decreasing,suspected
389,5460,"Ducks, Geese, Swans",Cyanochen cyanoptera,Blue-winged Goose,NT,False,False,False,True,False,Altitudinal migrant,True,True,False,0,C2a(ii),370000.0,3000-7000,suspected,Decreasing,inferred
390,5150,"Ducks, Geese, Swans",Chloephaga melanoptera,Andean Goose,LC,False,False,False,True,False,Altitudinal migrant,True,True,False,0,,2550000.0,16700-66700,estimated,Stable,suspected
391,5160,"Ducks, Geese, Swans",Chloephaga picta,Upland Goose,LC,False,False,False,True,False,Full migrant,True,True,False,0,,1980000.0,125000-270000,estimated,Decreasing,suspected
392,5170,"Ducks, Geese, Swans",Chloephaga hybrida,Kelp Goose,LC,False,False,False,True,False,Full migrant,True,True,True,0,,1280000.0,Unknown,estimated,Stable,suspected
393,5180,"Ducks, Geese, Swans",Chloephaga poliocephala,Ashy-headed Goose,LC,False,False,False,True,False,Full migrant,True,True,True,0,,922000.0,16700-66700,estimated,Decreasing,suspected
394,5190,"Ducks, Geese, Swans",Chloephaga rubidiceps,Ruddy-headed Goose,LC,False,False,False,True,False,Full migrant,True,True,False,0,,223000.0,28500-54700,estimated,Stable,suspected
395,5140,"Ducks, Geese, Swans",Neochen jubata,Orinoco Goose,NT,False,False,False,True,False,Not a migrant,True,True,False,0,A2cd+3cd+4cd,8490000.0,10000-25000,estimated,Decreasing,suspected
397,5250,"Ducks, Geese, Swans",Tadorna ferruginea,Ruddy Shelduck,LC,False,False,False,True,False,Full migrant,True,True,False,0,,4.31E7,Unknown,estimated,Unknown,not applicable
398,5260,"Ducks, Geese, Swans",Tadorna cana,South African Shelduck,LC,False,False,False,True,False,Full migrant,True,True,False,0,,2160000.0,20000-20000,estimated,Decreasing,suspected
399,5270,"Ducks, Geese, Swans",Tadorna tadornoides,Australian Shelduck,LC,False,False,False,True,False,Not a migrant,True,True,True,0,,1.23E7,101000-827000,estimated,Increasing,suspected
400,5280,"Ducks, Geese, Swans",Tadorna variegata,Paradise Shelduck,LC,False,False,False,True,False,Not a migrant,True,True,True,0,,670000.0,100000-120000,estimated,Stable,suspected
402,5240,"Ducks, Geese, Swans",Tadorna tadorna,Common Shelduck,LC,False,False,False,True,False,Full migrant,True,True,True,0,,3.16E7,415000-500000,estimated,Increasing,suspected
403,5200,"Ducks, Geese, Swans",Radjah radjah,Radjah Shelduck,LC,False,False,False,True,False,Not a migrant,True,True,True,0,,9010000.0,13300-133000,estimated,Decreasing,suspected
408,5300,"Ducks, Geese, Swans",Plectropterus gambensis,Spur-winged Goose,LC,False,False,False,True,False,Full migrant,True,True,False,0,,2.29E7,Unknown,estimated,Increasing,suspected
410,5480,"Ducks, Geese, Swans",Asarcornis scutulata,White-winged Duck,CR,False,False,False,True,False,Not a migrant,True,True,False,0,A2bcde+3bcde+4bcde; C1+2a(i),2620000.0,150-450,estimated,Decreasing,estimated
411,5450,"Ducks, Geese, Swans",Pteronetta hartlaubii,Hartlaub's Duck,LC,False,False,False,True,False,Not a migrant,True,True,False,0,,6110000.0,16700-73300,estimated,Decreasing,suspected
413,5370,"Ducks, Geese, Swans",Nettapus pulchellus,Green Pygmy-goose,LC,False,False,False,True,False,Not a migrant,True,True,True,0,,5670000.0,33300-133000,estimated,Unknown,suspected
414,5360,"Ducks, Geese, Swans",Nettapus coromandelianus,Cotton Pygmy-goose,LC,False,False,False,True,False,Full migrant,True,True,False,0,,3.38E7,83300-741000,estimated,Unknown,suspected
415,5350,"Ducks, Geese, Swans",Nettapus auritus,African Pygmy-goose,LC,False,False,False,True,False,Not a migrant,True,True,False,0,,2.53E7,38300-213000,estimated,Stable,suspected
416,5380,"Ducks, Geese, Swans",Callonetta leucophrys,Ringed Teal,LC,False,False,False,True,False,Full migrant,True,True,False,0,,4150000.0,Unknown,suspected,Decreasing,inferred
417,5390,"Ducks, Geese, Swans",Aix sponsa,Wood Duck,LC,False,False,False,True,False,Full migrant,True,True,False,0,,1.55E7,4600000,inferred,Increasing,inferred
419,5410,"Ducks, Geese, Swans",Chenonetta jubata,Maned Duck,LC,False,False,False,True,False,Not a migrant,True,True,False,0,,9620000.0,66000-670000,estimated,Stable,suspected
421,5440,"Ducks, Geese, Swans",Merganetta armata,Torrent Duck,LC,False,False,False,True,False,Not a migrant,True,True,False,0,,7220000.0,13000-23000,estimated,Decreasing,suspected
422,5430,"Ducks, Geese, Swans",Hymenolaimus malacorhynchos,Blue Duck,EN,False,False,False,True,False,Not a migrant,True,True,False,0,C2a(i),199000.0,1500-2499,estimated,Decreasing,inferred
423,5650,"Ducks, Geese, Swans",Salvadorina waigiuensis,Salvadori's Teal,LC,False,False,False,True,False,Not a migrant,False,True,False,0,,716000.0,Unknown,not applicable,Unknown,not applicable
424,5700,"Ducks, Geese, Swans",Lophonetta specularioides,Crested Duck,LC,False,False,False,True,False,Full migrant,True,True,True,0,,6360000.0,27300-107000,estimated,Stable,suspected
425,5710,"Ducks, Geese, Swans",Speculanas specularis,Spectacled Duck,NT,False,False,False,True,False,Full migrant,False,True,False,0,C2a(i),828000.0,1500-7000,estimated,Stable,suspected
426,6100,"Ducks, Geese, Swans",Anas capensis,Cape Teal,LC,False,False,False,True,False,Nomadic,True,True,True,0,,1.4E7,17200-55000,estimated,Decreasing,suspected
427,5850,"Ducks, Geese, Swans",Mareca strepera,Gadwall,LC,False,False,False,True,False,Full migrant,True,True,False,0,,7.31E7,Unknown,estimated,Increasing,suspected
428,5840,"Ducks, Geese, Swans",Mareca falcata,Falcated Duck,LC,False,False,False,True,False,Full migrant,True,True,True,0,,9939000.0,87000-100000,estimated,Stable,suspected
429,5860,"Ducks, Geese, Swans",Mareca penelope,Eurasian Wigeon,LC,False,False,False,True,False,Full migrant,True,True,True,0,,3.49E7,Unknown,estimated,Decreasing,suspected
430,5870,"Ducks, Geese, Swans",Mareca americana,American Wigeon,LC,False,False,False,True,False,Full migrant,True,True,True,0,,1.74E7,2700000,estimated,Decreasing,suspected
431,5880,"Ducks, Geese, Swans",Mareca sibilatrix,Chiloe Wigeon,LC,False,False,False,True,False,Full migrant,True,True,False,0,,3550000.0,67700-668000,estimated,Stable,suspected
432,5890,"Ducks, Geese, Swans",Anas sparsa,African Black Duck,LC,False,False,False,True,False,Not a migrant,True,True,True,0,,2.05E7,19400-46700,estimated,Decreasing,suspected
433,5980,"Ducks, Geese, Swans",Anas rubripes,American Black Duck,LC,False,False,False,True,False,Full migrant,True,True,True,0,,7030000.0,700000,estimated,Decreasing,suspected
434,5990,"Ducks, Geese, Swans",Anas fulvigula,Mottled Duck,LC,False,False,False,True,False,Full migrant,True,True,True,0,,4230000.0,Unknown,estimated,Decreasing,estimated
435,5970,"Ducks, Geese, Swans",Anas platyrhynchos,Mallard,LC,False,False,False,True,False,Full migrant,True,True,False,0,,1.27E8,Unknown,estimated,Increasing,suspected
436,6000,"Ducks, Geese, Swans",Anas wyvilliana,Hawaiian Duck,VU,False,False,False,True,False,Not a migrant,True,True,True,1860,D1,2800.0,700-999,estimated,Increasing,estimated
439,5930,"Ducks, Geese, Swans",Anas luzonica,Philippine Duck,VU,False,False,False,True,False,Not a migrant,True,True,True,0,A2bcd,887000.0,3300-6700,estimated,Decreasing,suspected
440,5920,"Ducks, Geese, Swans",Anas superciliosa,Pacific Black Duck,LC,False,False,False,True,False,Not a migrant,True,True,True,0,,4.98E7,120000-783000,estimated,Decreasing,not applicable
441,5900,"Ducks, Geese, Swans",Anas undulata,Yellow-billed Duck,LC,False,False,False,True,False,Nomadic,True,True,True,0,,1.4E7,93300-243000,estimated,Stable,suspected
442,5910,"Ducks, Geese, Swans",Anas melleri,Meller's Duck,EN,False,False,False,True,False,Not a migrant,True,True,False,0,C2a(ii),261000.0,1300-3300,estimated,Decreasing,inferred
443,5820,"Ducks, Geese, Swans",Spatula discors,Blue-winged Teal,LC,False,False,False,True,False,Full migrant,True,True,True,0,,1.68E7,7800000,inferred,Increasing,inferred
2758,6640,Sunbittern,Eurypyga helias,Sunbittern,LC,False,False,False,True,False,Not a migrant,True,True,False,0,,1.19E7,500000-4999999,estimated,Decreasing,inferred
2784,22190,Cranes,Balearica pavonina,Black Crowned Crane,VU,False,False,False,True,False,Not a migrant,True,True,False,0,A2bcd,6510000.0,44000-74000,suspected,Decreasing,suspected
2785,22180,Cranes,Balearica regulorum,Grey Crowned Crane,EN,False,False,False,True,False,Not a migrant,True,True,False,0,A2bcd+4bcd,6070000.0,20100-24600,estimated,Decreasing,estimated
2787,22260,Cranes,Grus antigone,Sarus Crane,VU,False,False,False,True,False,Full migrant,True,True,False,0,A2cde+3cde+4cde,1.38E7,13000-15000,estimated,Decreasing,suspected
2788,22270,Cranes,Grus rubicunda,Brolga,LC,False,False,False,True,False,Not a migrant,True,True,False,0,,7360000.0,35000-74000,estimated,Stable,inferred
2790,22240,Cranes,Grus canadensis,Sandhill Crane,LC,False,False,False,True,False,Full migrant,True,True,False,0,,3.35E7,450000-550000,inferred,Increasing,estimated
2794,22300,Cranes,Grus grus,Common Crane,LC,False,False,False,True,False,Full migrant,True,True,True,0,,2.56E7,Unknown,estimated,Increasing,estimated
2795,22310,Cranes,Grus monacha,Hooded Crane,VU,False,False,False,True,False,Full migrant,True,True,True,0,"B2ab(i,ii,iii,iv)",2610000.0,6000-15000,estimated,Increasing,estimated
2796,22290,Cranes,Grus americana,Whooping Crane,EN,False,False,False,True,False,Full migrant,True,True,True,0,D,306000.0,50-249,estimated,Increasing,estimated
2797,22320,Cranes,Grus nigricollis,Black-necked Crane,NT,False,False,False,True,False,Altitudinal migrant,True,True,False,0,C1+2a(ii),1790000.0,6600-6800,estimated,Stable,estimated
2798,22280,Cranes,Grus japonensis,Red-crowned Crane,VU,False,False,False,True,False,Full migrant,True,True,True,0,A2ac+4ac; C1,2110000.0,"2000-2650,2300",estimated,Decreasing,estimated
2799,22170,Limpkin,Aramus guarauna,Limpkin,LC,False,False,False,True,False,Full migrant,True,True,False,0,,2.46E7,Unknown,estimated,Stable,suspected
2800,20140,Finfoots,Podica senegalensis,African Finfoot,LC,False,False,False,True,False,Not a migrant,True,True,False,0,,2.06E7,30000-823000,estimated,Unknown,suspected
2801,20150,Finfoots,Heliopais personatus,Masked Finfoot,CR,False,False,False,True,False,Not a migrant,True,True,False,0,C1,1650000.0,108-304,estimated,Decreasing,estimated
2802,20160,Finfoots,Heliornis fulica,Sungrebe,LC,False,False,False,True,False,Not a migrant,True,True,False,0,,1.67E7,500000-4999999,estimated,Decreasing,suspected
2809,20170,"Rails, Gallinules, Coots",Sarothrura pulchra,White-spotted Flufftail,LC,False,False,False,True,False,Not a migrant,True,True,False,0,,8650000.0,Unknown,not applicable,Decreasing,suspected
2810,20180,"Rails, Gallinules, Coots",Sarothrura elegans,Buff-spotted Flufftail,LC,False,False,False,True,False,Altitudinal migrant,True,True,False,0,,1.6E7,Unknown,not applicable,Unknown,suspected
2811,20190,"Rails, Gallinules, Coots",Sarothrura rufa,Red-chested Flufftail,LC,False,False,False,True,False,Not a migrant,True,True,False,0,,1.81E7,Unknown,not applicable,Decreasing,suspected
2812,20200,"Rails, Gallinules, Coots",Sarothrura lugens,Chestnut-headed Flufftail,LC,False,False,False,True,False,Not a migrant,True,True,False,0,,3780000.0,670-6700,suspected,Decreasing,suspected
2813,20210,"Rails, Gallinules, Coots",Sarothrura boehmi,Streaky-breasted Flufftail,LC,False,False,False,True,False,Full migrant,True,True,False,0,,7190000.0,670-6700,estimated,Decreasing,suspected
2814,20220,"Rails, Gallinules, Coots",Sarothrura affinis,Striped Flufftail,LC,False,False,False,True,False,Altitudinal migrant,True,True,False,0,,4280000.0,Unknown,not applicable,Decreasing,suspected
2815,20230,"Rails, Gallinules, Coots",Sarothrura insularis,Madagascar Flufftail,LC,False,False,False,True,False,Not a migrant,True,True,False,0,,348000.0,6700-67000,estimated,Stable,suspected
2817,20250,"Rails, Gallinules, Coots",Sarothrura watersi,Slender-billed Flufftail,NT,False,False,False,True,False,Not a migrant,True,True,False,0,C2a(i); D1,74800.0,250-999,suspected,Decreasing,inferred
2818,20260,"Rails, Gallinules, Coots",Himantornis haematopus,Nkulengu Rail,LC,False,False,False,True,False,Not a migrant,True,True,False,0,,5380000.0,Unknown,not applicable,Decreasing,suspected
2819,20270,"Rails, Gallinules, Coots",Canirallus oculeus,Grey-throated Rail,LC,False,False,False,True,False,Not a migrant,True,True,False,0,,4220000.0,Unknown,not applicable,Decreasing,suspected
2820,20280,"Rails, Gallinules, Coots",Mentocrex kioloides,Madagascar Forest Rail,LC,False,False,False,True,False,Not a migrant,True,True,False,0,,209000.0,Unknown,not applicable,Decreasing,suspected
2821,20380,"Rails, Gallinules, Coots",Coturnicops exquisitus,Swinhoe's Rail,LC,False,False,False,True,False,Full migrant,True,True,False,0,,2000000.0,Unknown,not applicable,Decreasing,suspected
2822,20390,"Rails, Gallinules, Coots",Coturnicops noveboracensis,Yellow Rail,LC,False,False,False,True,False,Full migrant,True,True,False,0,,6000000.0,6700-17000,estimated,Decreasing,suspected
2823,20400,"Rails, Gallinules, Coots",Coturnicops notatus,Speckled Rail,LC,False,False,False,True,False,Full migrant,True,True,False,0,,9440000.0,Unknown,not applicable,Decreasing,suspected
2824,20410,"Rails, Gallinules, Coots",Micropygia schomburgkii,Ocellated Crake,LC,False,False,False,True,False,Not a migrant,True,True,False,0,,1.08E7,50000-499999,estimated,Decreasing,suspected
2825,20300,"Rails, Gallinules, Coots",Rallicula rubra,Chestnut Forest Rail,LC,False,False,False,True,False,Not a migrant,True,False,False,0,,249000.0,Unknown,not applicable,Unknown,suspected
2826,20310,"Rails, Gallinules, Coots",Rallicula leucospila,White-striped Forest Rail,LC,False,False,False,True,False,Not a migrant,True,False,False,7600,,67000.0,Unknown,not applicable,Decreasing,suspected
2827,20320,"Rails, Gallinules, Coots",Rallicula forbesi,Forbes's Forest Rail,LC,False,False,False,True,False,Not a migrant,True,False,False,0,,433000.0,Unknown,not applicable,Unknown,suspected
2828,20330,"Rails, Gallinules, Coots",Rallicula mayri,Mayr's Forest Rail,LC,False,False,False,True,False,Not a migrant,True,False,False,0,,22900.0,Unknown,not applicable,Stable,suspected
2829,20340,"Rails, Gallinules, Coots",Rallina tricolor,Red-necked Crake,LC,False,False,False,True,False,Not a migrant,True,True,False,0,,3720000.0,Unknown,not applicable,Unknown,not applicable
2830,20350,"Rails, Gallinules, Coots",Rallina canningi,Andaman Crake,LC,False,False,False,True,False,Not a migrant,True,True,False,0,,14300.0,6700-17000,estimated,Decreasing,estimated
2831,20360,"Rails, Gallinules, Coots",Rallina fasciata,Red-legged Crake,LC,False,False,False,True,False,Full migrant,True,True,False,0,,1.07E7,Unknown,not applicable,Unknown,not applicable
2832,20370,"Rails, Gallinules, Coots",Rallina eurizonoides,Slaty-legged Crake,LC,False,False,False,True,False,Full migrant,True,True,False,0,,1.92E7,Unknown,not applicable,Decreasing,suspected
2833,20420,"Rails, Gallinules, Coots",Rufirallus castaneiceps,Chestnut-headed Crake,LC,False,False,False,True,False,Not a migrant,True,False,False,0,,1190000.0,Unknown,not applicable,Unknown,not applicable
2834,20430,"Rails, Gallinules, Coots",Rufirallus viridis,Russet-crowned Crake,LC,False,False,False,True,False,Not a migrant,True,False,False,0,,1.19E7,Unknown,not applicable,Unknown,not applicable
2835,21350,"Rails, Gallinules, Coots",Porzana fasciata,Black-banded Crake,LC,False,False,False,True,False,Not a migrant,True,False,False,0,,1490000.0,Unknown,not applicable,Unknown,not applicable
2836,20440,"Rails, Gallinules, Coots",Laterallus melanophaius,Rufous-sided Crake,LC,False,False,False,True,False,Not a migrant,True,True,False,0,,1.5E7,16700-66700,not applicable,Stable,not applicable
2838,20460,"Rails, Gallinules, Coots",Laterallus ruber,Ruddy Crake,LC,False,False,False,True,False,Not a migrant,True,True,False,0,,1470000.0,50000-499999,estimated,Stable,suspected
2839,20470,"Rails, Gallinules, Coots",Laterallus albigularis,White-throated Crake,LC,False,False,False,True,False,Not a migrant,True,True,False,0,,1900000.0,500000-4999999,suspected,Stable,suspected
2840,20480,"Rails, Gallinules, Coots",Laterallus exilis,Grey-breasted Crake,LC,False,False,False,True,False,Not a migrant,True,True,False,0,,1.6E7,500000-4999999,estimated,Decreasing,suspected
2841,20490,"Rails, Gallinules, Coots",Laterallus jamaicensis,Black Rail,EN,False,False,False,True,False,Full migrant,False,True,False,0,A2ace+3ce+4ace,4.04E7,10000-49999,suspected,Decreasing,estimated
2842,20500,"Rails, Gallinules, Coots",Laterallus tuerosi,Junin Rail,EN,False,False,False,True,False,Not a migrant,False,True,False,328,"B1ab(ii,iii)+2ab(ii,iii)",330.0,4100,estimated,Decreasing,suspected
2843,20510,"Rails, Gallinules, Coots",Laterallus spilonota,Galapagos Rail,VU,False,False,False,True,False,Not a migrant,True,True,False,0,C1+2a(i),15100.0,3300-6700,estimated,Decreasing,estimated
2844,20520,"Rails, Gallinules, Coots",Laterallus leucopyrrhus,Red-and-white Crake,LC,False,False,False,True,False,Not a migrant,True,True,False,0,,1600000.0,16700-66700,not applicable,Stable,not applicable
2845,20530,"Rails, Gallinules, Coots",Laterallus xenopterus,Rufous-faced Crake,VU,False,False,False,True,False,Not a migrant,True,True,False,0,C2a(i),1220000.0,2500-9999,estimated,Decreasing,suspected
2849,20840,"Rails, Gallinules, Coots",Gallirallus lafresnayanus,New Caledonian Rail,CR,False,False,False,True,False,Not a migrant,True,False,False,0,D,1.0,1-49,estimated,Unknown,not applicable
2850,21050,"Rails, Gallinules, Coots",Hypotaenidia sylvestris,Lord Howe Woodhen,EN,False,False,False,True,False,Not a migrant,True,False,False,2,D,6.0,"200-286, 230",estimated,Increasing,estimated
2852,20940,"Rails, Gallinules, Coots",Hypotaenidia okinawae,Okinawa Rail,EN,False,False,False,True,False,Not a migrant,True,True,False,0,"B1ab(ii,iii,v); C2a(ii)",990.0,480,estimated,Decreasing,estimated
2855,21060,"Rails, Gallinules, Coots",Hypotaenidia philippensis,Buff-banded Rail,LC,False,False,False,True,False,Full migrant,True,True,True,0,,4.17E7,Unknown,estimated,Stable,suspected
2856,21010,"Rails, Gallinules, Coots",Hypotaenidia rovianae,Roviana Rail,LC,False,False,False,True,False,Not a migrant,True,False,False,0,,6800.0,Unknown,not applicable,Stable,suspected
2857,21020,"Rails, Gallinules, Coots",Hypotaenidia owstoni,Guam Rail,CR,False,False,False,True,False,Not a migrant,True,False,False,4,D,4.0,1-49,suspected,Increasing,suspected
2858,21030,"Rails, Gallinules, Coots",Hypotaenidia wakensis,Wake Island Rail,EX,False,False,False,True,False,Not a migrant,True,False,False,0,,0.0,Unknown,not applicable,,not applicable
2859,21070,"Rails, Gallinules, Coots",Hypotaenidia pacifica,Tahiti Rail,EX,False,False,False,True,False,Not a migrant,True,False,False,0,,0.0,Unknown,not applicable,,not applicable
2860,21040,"Rails, Gallinules, Coots",Hypotaenidia dieffenbachii,Dieffenbach's Rail,EX,False,False,False,True,False,Not a migrant,True,False,False,0,,0.0,Unknown,not applicable,,not applicable
2863,20780,"Rails, Gallinules, Coots",Lewinia striata,Slaty-breasted Rail,LC,False,False,False,True,False,Not a migrant,True,True,False,0,,1.9E7,Unknown,not applicable,Unknown,suspected
2866,20640,"Rails, Gallinules, Coots",Rallus wetmorei,Plain-flanked Rail,EN,False,False,False,True,False,Not a migrant,True,False,True,120,"B1ab(i,ii,iii,iv,v)+2ab(i,ii,iii,iv,v); D",1700.0,50-200,estimated,Decreasing,inferred
2867,20650,"Rails, Gallinules, Coots",Rallus limicola,Virginia Rail,LC,False,False,False,True,False,Full migrant,True,True,False,0,,2.89E7,Unknown,not applicable,Increasing,suspected
2868,20660,"Rails, Gallinules, Coots",Rallus semiplumbeus,Bogota Rail,VU,False,False,False,True,False,Not a migrant,True,True,False,400,"B1ab(ii,iii,iv,v)+2ab(ii,iii,iv,v); C2a(i)",13200.0,3700,estimated,Decreasing,inferred
2869,20670,"Rails, Gallinules, Coots",Rallus antarcticus,Austral Rail,VU,False,False,False,True,False,Unknown,False,True,False,0,C2a(ii),265000.0,"1000-9999, 2500-9999",estimated,Decreasing,inferred
2871,20700,"Rails, Gallinules, Coots",Rallus caerulescens,African Rail,LC,False,False,False,True,False,Not a migrant,True,True,False,0,,2.09E7,Unknown,not applicable,Unknown,not applicable
2872,20710,"Rails, Gallinules, Coots",Rallus madagascariensis,Madagascar Rail,VU,False,False,False,True,False,Not a migrant,True,True,False,0,A3c+4c,249000.0,1600-6700,estimated,Decreasing,inferred
2873,20790,"Rails, Gallinules, Coots",Lewinia mirifica,Brown-banded Rail,DD,False,False,False,True,False,Not a migrant,True,False,False,0,,196000.0,Unknown,not applicable,Unknown,not applicable
2874,20800,"Rails, Gallinules, Coots",Lewinia pectoralis,Lewin's Rail,LC,False,False,False,True,False,Not a migrant,True,True,True,0,,9540000.0,Unknown,estimated,Decreasing,suspected
2875,20810,"Rails, Gallinules, Coots",Lewinia muelleri,Auckland Island Rail,VU,False,False,False,True,False,Not a migrant,True,False,False,46,D2,360.0,2000,estimated,Stable,suspected
2876,21080,"Rails, Gallinules, Coots",Dryolimnas cuvieri,White-throated Rail,LC,False,False,False,True,False,Not a migrant,True,True,True,0,,854000.0,3400-5000,estimated,Stable,suspected
2877,21100,"Rails, Gallinules, Coots",Crex egregia,African Crake,LC,False,False,False,True,False,Full migrant,True,True,False,0,,1.87E7,Unknown,not applicable,Stable,suspected
2878,21110,"Rails, Gallinules, Coots",Crex crex,Corncrake,LC,False,False,False,True,False,Full migrant,True,True,False,0,,2.06E7,3000000-7000000,estimated,Stable,estimated
2879,21120,"Rails, Gallinules, Coots",Rougetius rougetii,Rouget's Rail,NT,False,False,False,True,False,Not a migrant,True,True,False,0,A2c+3c+4c,499000.0,1500-7000,estimated,Decreasing,suspected
2880,20770,"Rails, Gallinules, Coots",Aramidopsis plateni,Snoring Rail,VU,False,False,False,True,False,Not a migrant,True,False,False,0,C2a(i),301000.0,2500-9999,estimated,Decreasing,suspected
2881,20560,"Rails, Gallinules, Coots",Laterallus rogersi,Inaccessible Island Rail,VU,False,False,False,True,False,Not a migrant,True,False,False,0,D2,19.0,"5460-7320,6180",estimated,Stable,suspected
2882,21160,"Rails, Gallinules, Coots",Aramides mangle,Little Wood-rail,LC,False,False,False,True,False,Not a migrant,True,False,True,0,,2790000.0,Unknown,not applicable,Unknown,not applicable
2883,21190,"Rails, Gallinules, Coots",Aramides axillaris,Rufous-necked Wood-rail,LC,False,False,False,True,False,Not a migrant,True,False,False,0,,9670000.0,50000-499999,estimated,Decreasing,suspected
2913,21520,"Rails, Gallinules, Coots",Zapornia atra,Henderson Island Crake,VU,False,False,False,True,False,Not a migrant,True,False,False,80,D2,80.0,"3800-8400, 5600",estimated,Stable,estimated
2885,21150,"Rails, Gallinules, Coots",Aramides wolfi,Brown Wood-rail,VU,False,False,False,True,False,Not a migrant,True,False,False,0,"A2c+3c+4c;B1ab(i,ii,iii,v)",234000.0,1000-2499,inferred,Decreasing,suspected
2886,21140,"Rails, Gallinules, Coots",Aramides ypecaha,Giant Wood-rail,LC,False,False,False,True,False,Not a migrant,True,True,False,0,,4210000.0,66700-667000,estimated,Stable,suspected
2887,21210,"Rails, Gallinules, Coots",Aramides saracura,Slaty-breasted Wood-rail,LC,False,False,False,True,False,Not a migrant,True,True,False,0,,1380000.0,Unknown,not applicable,Decreasing,suspected
2888,21200,"Rails, Gallinules, Coots",Aramides calopterus,Red-winged Wood-rail,LC,False,False,False,True,False,Not a migrant,True,True,False,0,,1040000.0,Unknown,not applicable,Unknown,suspected
2889,21240,"Rails, Gallinules, Coots",Amaurolimnas concolor,Uniform Crake,LC,False,False,False,True,False,Not a migrant,True,False,False,0,,1.47E7,Unknown,estimated,Decreasing,suspected
2890,21310,"Rails, Gallinules, Coots",Gymnocrex rosenbergii,Blue-faced Rail,VU,False,False,False,True,False,Not a migrant,True,True,False,0,C2a(i),170000.0,2500-9999,estimated,Decreasing,suspected
2891,21330,"Rails, Gallinules, Coots",Gymnocrex plumbeiventris,Bare-eyed Rail,LC,False,False,False,True,False,Not a migrant,True,True,False,0,,2420000.0,Unknown,not applicable,Unknown,not applicable
2892,21420,"Rails, Gallinules, Coots",Zapornia akool,Brown Crake,LC,False,False,False,True,False,Full migrant,True,True,False,0,,8880000.0,Unknown,not applicable,Unknown,not applicable
2893,21560,"Rails, Gallinules, Coots",Amaurornis olivacea,Philippine Bush-hen,LC,False,False,False,True,False,Not a migrant,True,True,False,0,,877000.0,Unknown,not applicable,Unknown,not applicable
2895,21580,"Rails, Gallinules, Coots",Amaurornis moluccana,Pale-vented Bush-hen,LC,False,False,False,True,False,Not a migrant,True,True,False,0,,8990000.0,1300-33000,estimated,Unknown,not applicable
2896,21590,"Rails, Gallinules, Coots",Amaurornis phoenicurus,White-breasted Waterhen,LC,False,False,False,True,False,Full migrant,True,True,True,0,,3.93E7,Unknown,estimated,Unknown,not applicable
2897,21430,"Rails, Gallinules, Coots",Zapornia flavirostra,Black Crake,LC,False,False,False,True,False,Not a migrant,True,True,True,0,,2.48E7,667000-667000,estimated,Stable,not applicable
2898,21480,"Rails, Gallinules, Coots",Zapornia olivieri,Sakalava Rail,EN,False,False,False,True,False,Not a migrant,True,True,False,0,C2a(i),111000.0,250-999,estimated,Decreasing,inferred
2899,21490,"Rails, Gallinules, Coots",Zapornia bicolor,Black-tailed Crake,LC,False,False,False,True,False,Not a migrant,True,True,False,0,,2170000.0,Unknown,not applicable,Unknown,suspected
2900,21440,"Rails, Gallinules, Coots",Zapornia parva,Little Crake,LC,False,False,False,True,False,Full migrant,True,True,False,0,,1.45E7,100000-499999,estimated,Stable,suspected
2901,21450,"Rails, Gallinules, Coots",Zapornia pusilla,Baillon's Crake,LC,False,False,False,True,False,Full migrant,True,True,True,0,,7.48E7,500000-999999,estimated,Unknown,not applicable
2902,21470,"Rails, Gallinules, Coots",Zapornia palmeri,Laysan Rail,EX,False,False,False,True,False,Not a migrant,True,False,False,0,,0.0,Unknown,not applicable,,not applicable
2903,21380,"Rails, Gallinules, Coots",Porzana porzana,Spotted Crake,LC,False,False,False,True,False,Full migrant,True,True,False,0,,2.8E7,500000-999999,estimated,Stable,suspected
2904,21390,"Rails, Gallinules, Coots",Porzana fluminea,Australian Crake,LC,False,False,False,True,False,Not a migrant,True,True,True,0,,8570000.0,Unknown,not applicable,Unknown,not applicable
2905,21370,"Rails, Gallinules, Coots",Porzana carolina,Sora,LC,False,False,False,True,False,Full migrant,True,True,False,0,,1.32E7,Unknown,not applicable,Increasing,suspected
2906,20550,"Rails, Gallinules, Coots",Laterallus spilopterus,Dot-winged Crake,VU,False,False,False,True,False,Not a migrant,True,True,True,0,C2a(i),1380000.0,2500-9999,estimated,Decreasing,suspected
2907,21360,"Rails, Gallinules, Coots",Porzana albicollis,Ash-throated Crake,LC,False,False,False,True,False,Not a migrant,True,True,False,0,,1.29E7,66700-667000,not applicable,Stable,not applicable
2908,21500,"Rails, Gallinules, Coots",Zapornia sandwichensis,Hawaiian Rail,EX,False,False,False,True,False,Not a migrant,True,False,False,0,,0.0,Unknown,not applicable,,not applicable
2909,21400,"Rails, Gallinules, Coots",Zapornia fusca,Ruddy-breasted Crake,LC,False,False,False,True,False,Full migrant,True,True,False,0,,3.14E7,Unknown,not applicable,Unknown,suspected
2910,21410,"Rails, Gallinules, Coots",Zapornia paykullii,Band-bellied Crake,NT,False,False,False,True,False,Full migrant,True,True,False,0,C1,2190000.0,Unknown,not applicable,Decreasing,suspected
2911,21530,"Rails, Gallinules, Coots",Zapornia tabuensis,Spotless Crake,LC,False,False,False,True,False,Not a migrant,True,True,True,0,,5.71E7,Unknown,not applicable,Unknown,not applicable
2912,21540,"Rails, Gallinules, Coots",Zapornia monasa,Kosrae Crake,EX,False,False,False,True,False,Not a migrant,True,True,True,0,,0.0,Unknown,,,not applicable
2914,20540,"Rails, Gallinules, Coots",Laterallus flaviventer,Yellow-breasted Crake,LC,False,False,False,True,False,Not a migrant,True,True,False,0,,2.26E7,7000,estimated,Unknown,not applicable
2915,21600,"Rails, Gallinules, Coots",Amaurornis cinerea,White-browed Crake,LC,False,False,False,True,False,Not a migrant,True,True,True,0,,3.25E7,Unknown,not applicable,Unknown,not applicable
2916,21610,"Rails, Gallinules, Coots",Amaurornis marginalis,Striped Crake,LC,False,False,False,True,False,Full migrant,True,True,False,0,,1.24E7,670-17000,estimated,Decreasing,suspected
2917,21250,"Rails, Gallinules, Coots",Cyanolimnas cerverai,Zapata Rail,CR,False,False,False,True,False,Not a migrant,False,True,False,0,C2a(ii),1300.0,50-249,estimated,Decreasing,inferred
2918,21260,"Rails, Gallinules, Coots",Neocrex colombiana,Colombian Crake,DD,False,False,False,True,False,Not a migrant,True,True,False,0,,610000.0,Unknown,not applicable,Unknown,not applicable
2919,21270,"Rails, Gallinules, Coots",Neocrex erythrops,Paint-billed Crake,LC,False,False,False,True,False,Not a migrant,True,True,False,0,,1.86E7,50000-499999,suspected,Unknown,not applicable
2920,21280,"Rails, Gallinules, Coots",Pardirallus maculatus,Spotted Rail,LC,False,False,False,True,False,Not a migrant,True,True,False,0,,2.85E7,7000-18000,suspected,Stable,suspected
2921,21290,"Rails, Gallinules, Coots",Pardirallus nigricans,Blackish Rail,LC,False,False,False,True,False,Not a migrant,True,True,False,0,,1.2E7,13300-73300,estimated,Unknown,not applicable
2922,21300,"Rails, Gallinules, Coots",Pardirallus sanguinolentus,Plumbeous Rail,LC,False,False,False,True,False,Full migrant,True,True,False,0,,1.18E7,683000-1340000,estimated,Stable,suspected
2923,20920,"Rails, Gallinules, Coots",Eulabeornis castaneoventris,Chestnut Rail,LC,False,False,False,True,False,Not a migrant,True,True,True,0,,721000.0,Unknown,not applicable,Unknown,not applicable
2924,20820,"Rails, Gallinules, Coots",Habroptila wallacii,Drummer Rail,VU,False,False,False,True,False,Not a migrant,False,True,False,0,C2a(i),40300.0,2500-9999,estimated,Decreasing,suspected
2925,21630,"Rails, Gallinules, Coots",Megacrex inepta,New Guinea Flightless Rail,LC,False,False,False,True,False,Not a migrant,True,False,False,0,,405000.0,Unknown,not applicable,Decreasing,suspected
2926,21640,"Rails, Gallinules, Coots",Gallicrex cinerea,Watercock,LC,False,False,False,True,False,Full migrant,True,True,False,0,,3.14E7,Unknown,not applicable,Decreasing,suspected
2927,21650,"Rails, Gallinules, Coots",Porphyrio porphyrio,Purple Swamphen,LC,False,False,False,True,False,Not a migrant,True,True,True,0,,2.61E8,Unknown,estimated,Unknown,not applicable
2928,21660,"Rails, Gallinules, Coots",Porphyrio albus,White Swamphen,EX,False,False,False,True,False,Not a migrant,True,False,False,0,,0.0,Unknown,,,not applicable
2929,21710,"Rails, Gallinules, Coots",Porphyrio hochstetteri,South Island Takahe,EN,False,False,False,True,False,Not a migrant,True,False,False,10,D,570.0,50-249,estimated,Increasing,estimated
2930,21720,"Rails, Gallinules, Coots",Porphyrio alleni,Allen's Gallinule,LC,False,False,False,True,False,Full migrant,True,True,False,0,,2.41E7,Unknown,estimated,Decreasing,suspected
2931,21730,"Rails, Gallinules, Coots",Porphyrio martinicus,Purple Gallinule,LC,False,False,False,True,False,Full migrant,True,True,False,0,,3.29E7,Unknown,estimated,Decreasing,suspected
2932,21740,"Rails, Gallinules, Coots",Porphyrio flavirostris,Azure Gallinule,LC,False,False,False,True,False,Full migrant,True,True,False,0,,1.09E7,Unknown,not applicable,Unknown,not applicable
2933,21820,"Rails, Gallinules, Coots",Pareudiastes pacificus,Samoan Moorhen,CR,False,False,False,True,False,Not a migrant,True,False,False,0,D,1.0,1-49,estimated,Unknown,
2934,21810,"Rails, Gallinules, Coots",Pareudiastes silvestris,Makira Moorhen,CR,False,False,False,True,False,Not a migrant,True,False,False,0,D,1.0,1-49,estimated,Unknown,not applicable
2935,21840,"Rails, Gallinules, Coots",Gallinula comeri,Gough Island Moorhen,VU,False,False,False,True,False,Not a migrant,True,True,False,0,D2,70.0,8500,estimated,Stable,suspected
2938,21870,"Rails, Gallinules, Coots",Gallinula tenebrosa,Dusky Moorhen,LC,False,False,False,True,False,Not a migrant,True,True,True,0,,1.85E7,Unknown,not applicable,Unknown,not applicable
2939,21900,"Rails, Gallinules, Coots",Paragallinula angulata,Lesser Moorhen,LC,False,False,False,True,False,Not a migrant,True,True,True,0,,2.05E7,16700-667000,estimated,Decreasing,not applicable
2940,21910,"Rails, Gallinules, Coots",Porphyriops melanops,Spot-flanked Gallinule,LC,False,False,False,True,False,Full migrant,True,True,False,0,,1.56E7,73300-735000,estimated,Stable,suspected
2941,21920,"Rails, Gallinules, Coots",Tribonyx ventralis,Black-tailed Native-hen,LC,False,False,False,True,False,Nomadic,True,True,False,0,,8260000.0,6600-670000,estimated,Stable,suspected
2943,21960,"Rails, Gallinules, Coots",Fulica cristata,Red-knobbed Coot,LC,False,False,False,True,False,Not a migrant,True,True,True,0,,2.71E7,Unknown,estimated,Decreasing,suspected
2944,21970,"Rails, Gallinules, Coots",Fulica atra,Eurasian Coot,LC,False,False,False,True,False,Full migrant,True,True,True,0,,1.52E8,5300000-6500000,estimated,Increasing,suspected
2945,21980,"Rails, Gallinules, Coots",Fulica alai,Hawaiian Coot,NT,False,False,False,True,False,Not a migrant,True,True,True,5600,D1,61000.0,1250-1750,estimated,Stable,estimated
2948,22000,"Rails, Gallinules, Coots",Fulica leucoptera,White-winged Coot,LC,False,False,False,True,False,Full migrant,True,True,False,0,,6110000.0,667000-667000,estimated,Stable,suspected
2949,22010,"Rails, Gallinules, Coots",Fulica ardesiaca,Andean Coot,LC,False,False,False,True,False,Full migrant,True,True,False,0,,2020000.0,Unknown,not applicable,Unknown,not applicable
2950,22020,"Rails, Gallinules, Coots",Fulica armillata,Red-gartered Coot,LC,False,False,False,True,False,Full migrant,True,True,False,0,,5880000.0,667000-667000,estimated,Unknown,not applicable
2951,22030,"Rails, Gallinules, Coots",Fulica rufifrons,Red-fronted Coot,LC,False,False,False,True,False,Full migrant,True,True,False,0,,5040000.0,16700-66700,estimated,Stable,suspected
2952,22040,"Rails, Gallinules, Coots",Fulica gigantea,Giant Coot,LC,False,False,False,True,False,Not a migrant,True,True,False,0,,876000.0,6700-67000,estimated,Stable,suspected
2953,22050,"Rails, Gallinules, Coots",Fulica cornuta,Horned Coot,NT,False,False,False,True,False,Not a migrant,False,True,False,0,C2a(i),305000.0,6000-15000,estimated,Decreasing,suspected
2973,28350,Seedsnipes,Attagis gayi,Rufous-bellied Seedsnipe,LC,False,False,False,True,False,Not a migrant,True,True,False,0,,3740000.0,33300-1330000,not applicable,Unknown,suspected
2974,28360,Seedsnipes,Attagis malouinus,White-bellied Seedsnipe,LC,False,False,False,True,False,Altitudinal migrant,True,True,False,0,,562000.0,5000-20000,estimated,Stable,suspected
2975,28370,Seedsnipes,Thinocorus orbignyianus,Grey-breasted Seedsnipe,LC,False,False,False,True,False,Altitudinal migrant,True,True,False,0,,4970000.0,6700-17000,estimated,Stable,suspected
2976,28380,Seedsnipes,Thinocorus rumicivorus,Least Seedsnipe,LC,False,False,False,True,False,Full migrant,True,False,False,0,,5250000.0,66700-683000,estimated,Unknown,suspected
2977,28340,Plains-wanderer,Pedionomus torquatus,Plains-wanderer,EN,False,False,False,True,False,Not a migrant,True,False,False,0,C2a(ii),331000.0,"251-5000, 251-1000",estimated,Decreasing,inferred
2978,29000,"Sandpipers, Snipes, Phalaropes",Scolopax rusticola,Eurasian Woodcock,LC,False,False,False,True,False,Full migrant,True,False,False,0,,4.9E7,Unknown,estimated,Stable,suspected
2979,29010,"Sandpipers, Snipes, Phalaropes",Scolopax mira,Amami Woodcock,VU,False,False,False,True,False,Not a migrant,True,False,False,0,A3ce+4ce,12200.0,2500-9999,estimated,Stable,suspected
2980,29020,"Sandpipers, Snipes, Phalaropes",Scolopax saturata,Javan Woodcock,NT,False,False,False,True,False,Not a migrant,True,False,False,0,C2a(i),305000.0,2500-9999,suspected,Decreasing,suspected
2981,29050,"Sandpipers, Snipes, Phalaropes",Scolopax celebensis,Sulawesi Woodcock,LC,False,False,False,True,False,Not a migrant,True,False,False,0,,235000.0,Unknown,not applicable,Decreasing,suspected
2982,29060,"Sandpipers, Snipes, Phalaropes",Scolopax rochussenii,Moluccan Woodcock,VU,False,False,False,True,False,Not a migrant,True,False,False,1928,C2a(ii),2100.0,9530-19059,estimated,Decreasing,inferred
2983,29070,"Sandpipers, Snipes, Phalaropes",Scolopax minor,American Woodcock,LC,False,False,False,True,False,Full migrant,True,False,False,0,,6410000.0,3500000,estimated,Decreasing,estimated
2984,29180,"Sandpipers, Snipes, Phalaropes",Gallinago solitaria,Solitary Snipe,LC,False,False,False,True,False,Full migrant,True,True,False,0,,1.03E7,7300-73000,estimated,Stable,suspected
2985,29190,"Sandpipers, Snipes, Phalaropes",Gallinago hardwickii,Latham's Snipe,NT,False,False,False,True,False,Full migrant,True,True,False,0,A2b+4b,1580000.0,20000-39000,estimated,Decreasing,suspected
2986,29200,"Sandpipers, Snipes, Phalaropes",Gallinago nemoricola,Wood Snipe,VU,False,False,False,True,False,Full migrant,True,True,False,0,C2a(ii),1270000.0,2500-9999,estimated,Decreasing,suspected
2987,29210,"Sandpipers, Snipes, Phalaropes",Gallinago stenura,Pin-tailed Snipe,LC,False,False,False,True,False,Full migrant,True,True,False,0,,1.29E7,Unknown,estimated,Unknown,not applicable
2988,29220,"Sandpipers, Snipes, Phalaropes",Gallinago megala,Swinhoe's Snipe,LC,False,False,False,True,False,Full migrant,True,True,False,0,,5270000.0,Unknown,estimated,Unknown,not applicable
2989,29250,"Sandpipers, Snipes, Phalaropes",Gallinago media,Great Snipe,NT,False,False,False,True,False,Full migrant,True,True,False,0,A2cd+3cd+4cd,9730000.0,200000-380000,estimated,Decreasing,inferred
2990,29260,"Sandpipers, Snipes, Phalaropes",Gallinago gallinago,Common Snipe,LC,False,False,False,True,False,Full migrant,True,True,False,0,,6.31E7,15000000-29000000,,Decreasing,suspected
2991,29230,"Sandpipers, Snipes, Phalaropes",Gallinago nigripennis,African Snipe,LC,False,False,False,True,False,Altitudinal migrant,True,True,True,0,,1.05E7,20000-150000,estimated,Unknown,not applicable
2992,29240,"Sandpipers, Snipes, Phalaropes",Gallinago macrodactyla,Madagascar Snipe,VU,False,False,False,True,False,Not a migrant,True,True,False,0,A2cd+3cd+4cd,268000.0,2500-9999,suspected,Decreasing,inferred
2994,29300,"Sandpipers, Snipes, Phalaropes",Gallinago andina,Puna Snipe,LC,False,False,False,True,False,Altitudinal migrant,True,True,False,0,,425700.0,5000-20000,not applicable,Stable,suspected
2995,29310,"Sandpipers, Snipes, Phalaropes",Gallinago nobilis,Noble Snipe,NT,False,False,False,True,False,Not a migrant,True,True,False,0,C2a(i),1794600.0,2500-15000,suspected,Decreasing,suspected
2996,29320,"Sandpipers, Snipes, Phalaropes",Gallinago undulata,Giant Snipe,LC,False,False,False,True,False,Not a migrant,True,True,False,0,,0.0,8500,estimated,Decreasing,suspected
2997,29160,"Sandpipers, Snipes, Phalaropes",Gallinago jamesoni,Andean Snipe,LC,False,False,False,True,False,Not a migrant,True,True,False,0,,2970600.0,3900-5200,estimated,Unknown,not applicable
2998,29170,"Sandpipers, Snipes, Phalaropes",Gallinago stricklandii,Fuegian Snipe,NT,False,False,False,True,False,Full migrant,True,True,False,0,C2a(ii),625000.0,2500-9999,estimated,Decreasing,suspected
2999,29150,"Sandpipers, Snipes, Phalaropes",Gallinago imperialis,Imperial Snipe,NT,False,False,False,True,False,Not a migrant,True,False,False,0,C2a(i),692000.0,2100-5400,estimated,Decreasing,inferred
3000,29350,"Sandpipers, Snipes, Phalaropes",Lymnocryptes minimus,Jack Snipe,LC,False,False,False,True,False,Full migrant,True,True,True,0,,1.06E7,Unknown,estimated,Stable,suspected
3001,29090,"Sandpipers, Snipes, Phalaropes",Coenocorypha pusilla,Chatham Islands Snipe,VU,False,False,False,True,False,Not a migrant,True,False,False,40,D2,180.0,1800-2200,estimated,Stable,estimated
3003,28630,"Sandpipers, Snipes, Phalaropes",Limosa limosa,Black-tailed Godwit,NT,False,False,False,True,False,Full migrant,True,True,True,0,A2bcde+3bcde+4bcde,3.03E7,Unknown,estimated,Decreasing,estimated
3004,28620,"Sandpipers, Snipes, Phalaropes",Limosa haemastica,Hudsonian Godwit,VU,False,False,False,True,False,Full migrant,True,True,True,0,A2b+4b,6200000.0,41000-70000,estimated,Decreasing,estimated
3005,28600,"Sandpipers, Snipes, Phalaropes",Limosa lapponica,Bar-tailed Godwit,NT,False,False,False,True,False,Full migrant,True,True,True,0,A2abc+3bc+4abc,9050000.0,Unknown,estimated,Decreasing,suspected
3006,28610,"Sandpipers, Snipes, Phalaropes",Limosa fedoa,Marbled Godwit,VU,False,False,False,True,False,Full migrant,True,True,True,0,A2bc+4bc,4200000.0,270000,estimated,Decreasing,estimated
3007,28540,"Sandpipers, Snipes, Phalaropes",Numenius minutus,Little Curlew,LC,False,False,False,True,False,Full migrant,True,True,False,0,,1750000.0,73300-73300,estimated,Decreasing,suspected
3009,28530,"Sandpipers, Snipes, Phalaropes",Numenius phaeopus,Whimbrel,LC,False,False,False,True,False,Full migrant,True,True,True,0,,3.11E7,1800000-2650000,estimated,Decreasing,suspected
3010,28520,"Sandpipers, Snipes, Phalaropes",Numenius tahitiensis,Bristle-thighed Curlew,NT,False,False,False,True,False,Full migrant,True,False,True,0,C2a(ii),95900.0,10000,estimated,Decreasing,suspected
3012,28580,"Sandpipers, Snipes, Phalaropes",Numenius arquata,Eurasian Curlew,NT,False,False,False,True,False,Full migrant,True,True,True,0,A2bcd+3bcd+4bcd,2.07E7,Unknown,estimated,Decreasing,suspected
3013,28570,"Sandpipers, Snipes, Phalaropes",Numenius americanus,Long-billed Curlew,LC,False,False,False,True,False,Full migrant,True,True,True,0,,3440000.0,Unknown,estimated,Decreasing,estimated
3014,28590,"Sandpipers, Snipes, Phalaropes",Numenius madagascariensis,Far Eastern Curlew,EN,False,False,False,True,False,Full migrant,True,True,True,0,A2bcd+4bcd,5590000.0,"20000-35000, 21000-28000",estimated,Decreasing,estimated
3015,28510,"Sandpipers, Snipes, Phalaropes",Bartramia longicauda,Upland Sandpiper,LC,False,False,False,True,False,Full migrant,True,False,False,0,,1.07E7,750000,estimated,Increasing,estimated
3016,29480,"Sandpipers, Snipes, Phalaropes",Tringa erythropus,Spotted Redshank,LC,False,False,False,True,False,Full migrant,True,True,True,0,,7360000.0,Unknown,estimated,Stable,suspected
3017,29510,"Sandpipers, Snipes, Phalaropes",Tringa totanus,Common Redshank,LC,False,False,False,True,False,Full migrant,True,True,True,0,,4.07E7,Unknown,estimated,Unknown,not applicable
3018,29530,"Sandpipers, Snipes, Phalaropes",Tringa stagnatilis,Marsh Sandpiper,LC,False,False,False,True,False,Full migrant,True,True,True,0,,1.45E7,Unknown,estimated,Decreasing,suspected
3019,29490,"Sandpipers, Snipes, Phalaropes",Tringa nebularia,Common Greenshank,LC,False,False,False,True,False,Full migrant,True,True,True,0,,1.87E7,Unknown,estimated,Stable,suspected
3020,29540,"Sandpipers, Snipes, Phalaropes",Tringa guttifer,Spotted Greenshank,EN,False,False,False,True,False,Full migrant,True,True,True,0,C2a(ii),749000.0,900-1600,estimated,Decreasing,inferred
3021,29500,"Sandpipers, Snipes, Phalaropes",Tringa melanoleuca,Greater Yellowlegs,NT,False,False,False,True,False,Full migrant,True,True,True,0,A2bd,9000000.0,137000-6860000,estimated,Decreasing,suspected
3022,29470,"Sandpipers, Snipes, Phalaropes",Tringa flavipes,Lesser Yellowlegs,VU,False,False,False,True,False,Full migrant,True,True,True,0,A2bcd+3bcd+4bcd,6100000.0,"527000-7600000,650000",estimated,Decreasing,estimated
3024,29420,"Sandpipers, Snipes, Phalaropes",Tringa ochropus,Green Sandpiper,LC,False,False,False,True,False,Full migrant,True,True,False,0,,2.46E7,Unknown,estimated,Increasing,estimated
3025,29520,"Sandpipers, Snipes, Phalaropes",Tringa glareola,Wood Sandpiper,LC,False,False,False,True,False,Full migrant,True,True,False,0,,2.3E7,Unknown,estimated,Stable,suspected
3026,29390,"Sandpipers, Snipes, Phalaropes",Xenus cinereus,Terek Sandpiper,LC,False,False,False,True,False,Full migrant,True,True,True,0,,1.46E7,Unknown,estimated,Decreasing,estimated
3027,29400,"Sandpipers, Snipes, Phalaropes",Actitis hypoleucos,Common Sandpiper,LC,False,False,False,True,False,Full migrant,True,True,True,0,,4.72E7,Unknown,estimated,Decreasing,suspected
3028,29410,"Sandpipers, Snipes, Phalaropes",Actitis macularius,Spotted Sandpiper,LC,False,False,False,True,False,Full migrant,True,True,True,0,,2.34E7,660000,estimated,Stable,suspected
3029,29440,"Sandpipers, Snipes, Phalaropes",Tringa brevipes,Grey-tailed Tattler,LC,False,False,False,True,False,Full migrant,True,True,True,0,,1.04E7,42000-49000,estimated,Stable,suspected
3030,29450,"Sandpipers, Snipes, Phalaropes",Tringa incana,Wandering Tattler,LC,False,False,False,True,False,Full migrant,True,True,True,0,,2450000.0,18000,estimated,Unknown,not applicable
3031,29460,"Sandpipers, Snipes, Phalaropes",Tringa semipalmata,Willet,LC,False,False,False,True,False,Full migrant,True,True,True,0,,1.63E7,250000,estimated,Decreasing,estimated
3033,28920,"Sandpipers, Snipes, Phalaropes",Prosobonia leucoptera,Tahiti Sandpiper,EX,False,False,False,True,False,Not a migrant,True,True,False,0,,0.0,Unknown,,,not applicable
3034,28640,"Sandpipers, Snipes, Phalaropes",Arenaria interpres,Ruddy Turnstone,NT,False,False,False,True,False,Full migrant,True,True,True,0,A2bcd+4bcd,1.7E7,750000-1750000,estimated,Decreasing,estimated
3035,28650,"Sandpipers, Snipes, Phalaropes",Arenaria melanocephala,Black Turnstone,LC,False,False,False,True,False,Full migrant,True,False,True,0,,636000.0,95000,estimated,Stable,suspected
3036,28980,"Sandpipers, Snipes, Phalaropes",Limnodromus griseus,Short-billed Dowitcher,VU,False,False,False,True,False,Full migrant,True,True,True,0,A2bd+3bd+4bd,5800000.0,"150000-320000,245000",estimated,Decreasing,estimated
3037,28990,"Sandpipers, Snipes, Phalaropes",Limnodromus scolopaceus,Long-billed Dowitcher,NT,False,False,False,True,False,Full migrant,True,True,True,0,A2b+4b,4600000.0,"500000-1000000,800000",estimated,Decreasing,estimated
3038,28970,"Sandpipers, Snipes, Phalaropes",Limnodromus semipalmatus,Asian Dowitcher,NT,False,False,False,True,False,Full migrant,True,True,True,0,A2cde+3cde+4cde;C1,5770000.0,Unknown,estimated,Decreasing,suspected
3039,28680,"Sandpipers, Snipes, Phalaropes",Calidris virgata,Surfbird,LC,False,False,False,True,False,Full migrant,True,False,True,0,,1550000.0,70000,estimated,Decreasing,suspected
3040,28660,"Sandpipers, Snipes, Phalaropes",Calidris tenuirostris,Great Knot,EN,False,False,False,True,False,Full migrant,True,False,True,0,A2bc+3bc+4bc,1920000.0,Unknown,estimated,Decreasing,estimated
3042,28780,"Sandpipers, Snipes, Phalaropes",Calidris alba,Sanderling,LC,False,False,False,True,False,Full migrant,True,True,True,0,,1.36E7,900000-1200000,estimated,Decreasing,suspected
3043,28880,"Sandpipers, Snipes, Phalaropes",Calidris pusilla,Semipalmated Sandpiper,NT,False,False,False,True,False,Full migrant,True,True,True,0,A2bd+4bd,9200000.0,9000000-11000000,estimated,Decreasing,estimated
3044,28890,"Sandpipers, Snipes, Phalaropes",Calidris mauri,Western Sandpiper,LC,False,False,False,True,False,Full migrant,True,True,True,0,,950000.0,3500000,estimated,Decreasing,suspected
3045,28830,"Sandpipers, Snipes, Phalaropes",Calidris minuta,Little Stint,LC,False,False,False,True,False,Full migrant,True,True,True,0,,4750000.0,1000000-1100000,estimated,Increasing,suspected
3046,28770,"Sandpipers, Snipes, Phalaropes",Calidris ruficollis,Red-necked Stint,NT,False,False,False,True,False,Full migrant,True,False,True,0,A2bc+3bc+4bc,3360000.0,Unknown,estimated,Decreasing,estimated
3047,28740,"Sandpipers, Snipes, Phalaropes",Calidris temminckii,Temminck's Stint,LC,False,False,False,True,False,Full migrant,True,True,True,0,,9780000.0,110000-850000,estimated,Unknown,not applicable
3048,28750,"Sandpipers, Snipes, Phalaropes",Calidris subminuta,Long-toed Stint,LC,False,False,False,True,False,Full migrant,True,True,True,0,,1.1E7,16700-16700,estimated,Decreasing,not applicable
3049,28840,"Sandpipers, Snipes, Phalaropes",Calidris minutilla,Least Sandpiper,NT,False,False,False,True,False,Full migrant,True,True,True,0,A2b+4b,1.61E7,5000000-15000000,estimated,Decreasing,estimated
3050,28850,"Sandpipers, Snipes, Phalaropes",Calidris fuscicollis,White-rumped Sandpiper,VU,False,False,False,True,False,Full migrant,True,True,True,0,A2b+4b,4000000.0,"3270000-9070000, 6200000",estimated,Decreasing,estimated
3051,28820,"Sandpipers, Snipes, Phalaropes",Calidris bairdii,Baird's Sandpiper,LC,False,False,False,True,False,Full migrant,True,True,True,0,,7460000.0,1200000-1500000,estimated,Stable,suspected
3052,28870,"Sandpipers, Snipes, Phalaropes",Calidris melanotos,Pectoral Sandpiper,LC,False,False,False,True,False,Full migrant,True,True,True,0,,1.32E7,"4000000-15000000, 8000000-15000000",estimated,Unknown,not applicable
3053,28710,"Sandpipers, Snipes, Phalaropes",Calidris acuminata,Sharp-tailed Sandpiper,VU,False,False,False,True,False,Full migrant,True,True,True,0,A2bce+3bce+4bce,820000.0,"60000-120000, 73000",estimated,Decreasing,estimated
3056,28790,"Sandpipers, Snipes, Phalaropes",Calidris alpina,Dunlin,NT,False,False,False,True,False,Full migrant,True,True,True,0,A2bcd+4bcd,3.0E7,3000000-7000000,estimated,Decreasing,estimated
3057,28730,"Sandpipers, Snipes, Phalaropes",Calidris ferruginea,Curlew Sandpiper,VU,False,False,False,True,False,Full migrant,True,True,True,0,A2bcd+4bcd,3000000.0,420000-960000,estimated,Decreasing,estimated
3058,28720,"Sandpipers, Snipes, Phalaropes",Calidris himantopus,Stilt Sandpiper,NT,False,False,False,True,False,Full migrant,True,True,False,0,A2b+4b,2800000.0,1200000,estimated,Decreasing,estimated
3059,28860,"Sandpipers, Snipes, Phalaropes",Calidris subruficollis,Buff-breasted Sandpiper,VU,False,False,False,True,False,Full migrant,True,False,False,0,A2bc+4bc,3600000.0,84000-364000,estimated,Decreasing,estimated
3061,28700,"Sandpipers, Snipes, Phalaropes",Calidris falcinellus,Broad-billed Sandpiper,VU,False,False,False,True,False,Full migrant,True,True,True,0,A2bc+4bc,6100000.0,96000-136000,estimated,Decreasing,inferred
3062,28690,"Sandpipers, Snipes, Phalaropes",Calidris pugnax,Ruff,LC,False,False,False,True,False,Full migrant,True,True,True,0,,3.85E7,Unknown,estimated,Decreasing,suspected
3063,29360,"Sandpipers, Snipes, Phalaropes",Steganopus tricolor,Wilson's Phalarope,LC,False,False,False,True,False,Full migrant,True,True,True,0,,9270000.0,1500000,estimated,Stable,suspected
3067,28420,Painted-snipes,Nycticryphes semicollaris,South American Painted-snipe,NT,False,False,False,True,False,Not a migrant,True,True,False,0,C2a(ii),4330000.0,"8000-100000, 10000-50000",estimated,Decreasing,inferred
3068,28460,Jacanas,Actophilornis africanus,African Jacana,LC,False,False,False,True,False,Nomadic,True,True,True,0,,2.44E7,667000-667000,estimated,Stable,suspected
3070,28500,Jacanas,Microparra capensis,Lesser Jacana,LC,False,False,False,True,False,Not a migrant,True,True,True,0,,1.76E7,16700-66700,estimated,Unknown,not applicable
3071,28490,Jacanas,Irediparra gallinacea,Comb-crested Jacana,LC,False,False,False,True,False,Not a migrant,True,True,False,0,,1.24E7,Unknown,estimated,Unknown,not applicable
3072,28450,Jacanas,Hydrophasianus chirurgus,Pheasant-tailed Jacana,LC,False,False,False,True,False,Full migrant,True,True,False,0,,1.97E7,20000-33300,estimated,Unknown,suspected
3073,28480,Jacanas,Metopidius indicus,Bronze-winged Jacana,LC,False,False,False,True,False,Not a migrant,True,True,False,0,,1.16E7,33300-66700,estimated,Unknown,not applicable
3074,28430,Jacanas,Jacana spinosa,Northern Jacana,LC,False,False,False,True,False,Not a migrant,True,True,False,0,,4360000.0,500000-4999999,estimated,Unknown,not applicable
3075,28440,Jacanas,Jacana jacana,Wattled Jacana,LC,False,False,False,True,False,Full migrant,True,True,False,0,,1.71E7,5000000-49999999,estimated,Stable,suspected
3078,27260,Magellanic Plover,Pluvianellus socialis,Magellanic Plover,VU,False,False,False,True,False,Full migrant,True,True,True,0,D1,204000.0,"250-999, 330",estimated,Stable,inferred
3080,27150,Thick-knees,Burhinus senegalensis,Senegal Thick-knee,LC,False,False,False,True,False,Not a migrant,True,True,False,0,,1.41E7,13000-33000,estimated,Unknown,not applicable
3081,27160,Thick-knees,Burhinus vermiculatus,Water Thick-knee,LC,False,False,False,True,False,Not a migrant,True,True,True,0,,1.85E7,16700-83300,estimated,Unknown,not applicable
3082,27170,Thick-knees,Burhinus capensis,Spotted Thick-knee,LC,False,False,False,True,False,Not a migrant,True,True,True,0,,2.79E7,43300-143000,estimated,Unknown,suspected
3083,27180,Thick-knees,Burhinus bistriatus,Double-striped Thick-knee,LC,False,False,False,True,False,Not a migrant,True,False,False,0,,5570000.0,500000-4999999,estimated,Stable,suspected
3084,27190,Thick-knees,Burhinus superciliaris,Peruvian Thick-knee,VU,False,False,False,True,False,Not a migrant,True,False,False,0,C2a(ii),600000.0,2700-3600,estimated,Decreasing,inferred
3085,27200,Thick-knees,Burhinus grallarius,Bush Thick-knee,LC,False,False,False,True,False,Not a migrant,True,False,False,0,,9350000.0,10000-15000,estimated,Decreasing,estimated
3086,27220,Thick-knees,Esacus recurvirostris,Great Thick-knee,NT,False,False,False,True,False,Not a migrant,True,True,True,0,A3cd,1.05E7,Unknown,,Decreasing,suspected
3088,27330,Oystercatchers,Haematopus ostralegus,Eurasian Oystercatcher,NT,False,False,False,True,False,Full migrant,True,True,True,0,A2bc+3b+4bc,3.66E7,500000-999999,suspected,Decreasing,estimated
3089,27310,Oystercatchers,Haematopus meadewaldoi,Canarian Oystercatcher,EX,False,False,False,True,False,Not a migrant,True,False,True,0,,0.0,Unknown,,,not applicable
3090,27320,Oystercatchers,Haematopus moquini,African Oystercatcher,LC,False,False,False,True,False,Not a migrant,True,False,True,0,,705000.0,4450,estimated,Increasing,estimated
3091,27340,Oystercatchers,Haematopus finschi,South Island Oystercatcher,LC,False,False,False,True,False,Full migrant,True,True,True,0,,55700.0,50000-99999,suspected,Decreasing,inferred
3093,27300,Oystercatchers,Haematopus palliatus,American Oystercatcher,LC,False,False,False,True,False,Full migrant,True,False,True,0,,4.43E7,Unknown,estimated,Stable,suspected
3094,27350,Oystercatchers,Haematopus longirostris,Pied Oystercatcher,LC,False,False,False,True,False,Not a migrant,True,True,True,0,,1.14E7,Unknown,estimated,Unknown,not applicable
3095,27370,Oystercatchers,Haematopus unicolor,Variable Oystercatcher,LC,False,False,False,True,False,Not a migrant,True,False,False,0,,670000.0,4300-4000,estimated,Increasing,suspected
3096,27360,Oystercatchers,Haematopus chathamensis,Chatham Islands Oystercatcher,EN,False,False,False,True,False,Not a migrant,True,False,True,24,D,2800.0,200-249,estimated,Stable,estimated
3097,27380,Oystercatchers,Haematopus fuliginosus,Sooty Oystercatcher,LC,False,False,False,True,False,Not a migrant,True,False,True,0,,1.02E7,7700,estimated,Increasing,suspected
3099,27280,Oystercatchers,Haematopus leucopodus,Magellanic Oystercatcher,LC,False,False,False,True,False,Full migrant,True,True,True,0,,1190000.0,30700-92700,estimated,Unknown,suspected
3100,27430,Ibisbill,Ibidorhyncha struthersii,Ibisbill,LC,False,False,False,True,False,Altitudinal migrant,True,True,False,0,,7440000.0,Unknown,not applicable,Unknown,not applicable
3103,27500,"Avocets, Stilts",Himantopus novaezelandiae,Black Stilt,CR,False,False,False,True,False,Not a migrant,False,True,True,0,D,3300.0,1-49,estimated,Increasing,observed
3106,27440,"Avocets, Stilts",Cladorhynchus leucocephalus,Banded Stilt,LC,False,False,False,True,False,Not a migrant,True,True,True,0,,1970000.0,200000-300000,estimated,Stable,suspected
3107,27450,"Avocets, Stilts",Recurvirostra avosetta,Pied Avocet,LC,False,False,False,True,False,Full migrant,True,True,True,0,,8.38E7,Unknown,estimated,Unknown,not applicable
3108,27460,"Avocets, Stilts",Recurvirostra americana,American Avocet,LC,False,False,False,True,False,Full migrant,True,True,True,0,,8970000.0,460000,estimated,Unknown,not applicable
3109,27470,"Avocets, Stilts",Recurvirostra novaehollandiae,Red-necked Avocet,LC,False,False,False,True,False,Not a migrant,True,True,True,0,,5280000.0,71000,estimated,Stable,suspected
3110,27480,"Avocets, Stilts",Recurvirostra andina,Andean Avocet,LC,False,False,False,True,False,Altitudinal migrant,True,True,False,0,,1381000.0,"2500-9999, 5000",estimated,Stable,suspected
3111,27580,Plovers,Pluvialis apricaria,Eurasian Golden Plover,LC,False,False,False,True,False,Full migrant,True,True,True,0,,1.11E7,1300000-1750000,estimated,Increasing,suspected
3112,27590,Plovers,Pluvialis fulva,Pacific Golden Plover,LC,False,False,False,True,False,Full migrant,True,True,True,0,,8240000.0,Unknown,estimated,Decreasing,suspected
3113,27600,Plovers,Pluvialis dominica,American Golden Plover,LC,False,False,False,True,False,Full migrant,True,True,True,0,,8700000.0,1000000-6000000,estimated,Decreasing,suspected
3114,27570,Plovers,Pluvialis squatarola,Grey Plover,VU,False,False,False,True,False,Full migrant,True,True,True,0,A2bcd+4bcd,1.9E7,1000000-2500000,estimated,Decreasing,estimated
3116,27660,Plovers,Charadrius hiaticula,Common Ringed Plover,LC,False,False,False,True,False,Full migrant,True,True,True,0,,4.04E7,Unknown,estimated,Decreasing,suspected
3117,27670,Plovers,Charadrius semipalmatus,Semipalmated Plover,LC,False,False,False,True,False,Full migrant,True,True,True,0,,1.7E7,500000-1000000,estimated,Decreasing,suspected
3118,27680,Plovers,Charadrius placidus,Long-billed Plover,LC,False,False,False,True,False,Full migrant,True,True,True,0,,7000000.0,670-17000,estimated,Decreasing,suspected
3119,27690,Plovers,Charadrius dubius,Little Ringed Plover,LC,False,False,False,True,False,Full migrant,True,True,True,0,,8.76E7,Unknown,estimated,Stable,suspected
3120,27700,Plovers,Charadrius wilsonia,Wilson's Plover,LC,False,False,False,True,False,Full migrant,True,False,True,0,,2.63E7,Unknown,estimated,Decreasing,estimated
3121,27710,Plovers,Charadrius vociferus,Killdeer,NT,False,False,False,True,False,Full migrant,True,True,True,0,A2bc+4bc,4.0E7,2300000,estimated,Decreasing,estimated
3122,27730,Plovers,Charadrius thoracicus,Black-banded Plover,VU,False,False,False,True,False,Not a migrant,True,False,True,0,C2a(i),352000.0,1800-2300,estimated,Decreasing,inferred
3123,27750,Plovers,Charadrius sanctaehelenae,Saint Helena Plover,VU,False,False,False,True,False,Not a migrant,True,False,False,0,D1,70.0,545,estimated,Increasing,estimated
3124,27740,Plovers,Charadrius pecuarius,Kittlitz's Plover,LC,False,False,False,True,False,Not a migrant,True,True,True,0,,3.34E7,Unknown,estimated,Unknown,not applicable
3126,27780,Plovers,Charadrius forbesi,Forbes's Plover,LC,False,False,False,True,False,Full migrant,True,True,False,0,,9170000.0,6700-67000,estimated,Unknown,not applicable
3128,27860,Plovers,Charadrius pallidus,Chestnut-banded Plover,LC,False,False,False,True,False,Not a migrant,True,True,True,604000,,6060000.0,10000-19999,estimated,Stable,estimated
3130,27790,Plovers,Charadrius marginatus,White-fronted Plover,LC,False,False,False,True,False,Not a migrant,True,True,True,0,,2.58E7,57300-83300,estimated,Unknown,suspected
3131,27840,Plovers,Charadrius ruficapillus,Red-capped Plover,LC,False,False,False,True,False,Not a migrant,True,True,True,0,,1.14E7,63300-63300,estimated,Unknown,not applicable
3132,27850,Plovers,Charadrius peronii,Malay Plover,NT,False,False,False,True,False,Not a migrant,True,False,True,0,C1,8240000.0,6700-17000,estimated,Decreasing,suspected
3133,27830,Plovers,Charadrius javanicus,Javan Plover,LC,False,False,False,True,False,Not a migrant,True,False,True,0,,1000000.0,1300-4000,estimated,Stable,suspected
3134,27870,Plovers,Charadrius collaris,Collared Plover,LC,False,False,False,True,False,Not a migrant,True,True,True,0,,2.75E7,50000-499999,estimated,Decreasing,suspected
3135,27900,Plovers,Charadrius bicinctus,Double-banded Plover,NT,False,False,False,True,False,Full migrant,True,True,True,0,A2b+3b+4b; C1,1420000.0,"8000-14000, 13000",estimated,Decreasing,estimated
3136,27880,Plovers,Charadrius alticola,Puna Plover,LC,False,False,False,True,False,Altitudinal migrant,True,True,False,0,,1228600.0,4000-7000,estimated,Unknown,not applicable
3137,27890,Plovers,Charadrius falklandicus,Two-banded Plover,LC,False,False,False,True,False,Full migrant,True,True,True,0,,3790000.0,30700-92700,estimated,Stable,suspected
3139,27930,Plovers,Charadrius leschenaultii,Greater Sandplover,LC,False,False,False,True,False,Full migrant,True,True,True,0,,9590000.0,100000-225000,estimated,Decreasing,suspected
3141,27950,Plovers,Charadrius veredus,Oriental Plover,LC,False,False,False,True,False,Full migrant,True,True,True,0,,1800000.0,153000-153000,estimated,Stable,not applicable
3143,27970,Plovers,Charadrius modestus,Rufous-chested Plover,LC,False,False,False,True,False,Full migrant,True,False,True,0,,1080000.0,88700-709000,estimated,Unknown,not applicable
3144,28020,Plovers,Thinornis cucullatus,Hooded Plover,VU,False,False,False,True,False,Not a migrant,False,True,True,0,C1,7900000.0,7000,estimated,Decreasing,suspected
3145,28030,Plovers,Thinornis novaeseelandiae,Shore Plover,EN,False,False,False,True,False,Not a migrant,True,False,True,24,D,1500.0,170,estimated,Increasing,estimated
3146,28310,Plovers,Erythrogonys cinctus,Red-kneed Dotterel,LC,False,False,False,True,False,Not a migrant,True,True,False,0,,1.03E7,16700-66700,estimated,Stable,suspected
3147,27630,Plovers,Eudromias morinellus,Eurasian Dotterel,LC,False,False,False,True,False,Full migrant,True,False,False,0,,4.74E7,Unknown,estimated,Decreasing,suspected
3148,27610,Plovers,Oreopholus ruficollis,Tawny-throated Dotterel,LC,False,False,False,True,False,Full migrant,True,False,False,0,,5090000.0,670-6700,estimated,Decreasing,suspected
3150,27620,Plovers,Phegornis mitchellii,Diademed Plover,NT,False,False,False,True,False,Altitudinal migrant,True,True,False,0,C2a(i),1935800.0,1500-7000,estimated,Decreasing,suspected
3151,28320,Plovers,Peltohyas australis,Inland Dotterel,LC,False,False,False,True,False,Not a migrant,True,False,False,0,,3780000.0,9300,estimated,Stable,not applicable
3152,28040,Plovers,Elseyornis melanops,Black-fronted Dotterel,LC,False,False,False,True,False,Not a migrant,True,True,False,0,,1.54E7,Unknown,estimated,Increasing,suspected
3153,28060,Plovers,Vanellus vanellus,Northern Lapwing,NT,False,False,False,True,False,Full migrant,True,False,True,0,A2abce+3bce+4abce,3.19E7,Unknown,estimated,Decreasing,suspected
3154,28070,Plovers,Vanellus crassirostris,Long-toed Lapwing,LC,False,False,False,True,False,Not a migrant,True,True,False,0,,9850000.0,33300-110000,estimated,Unknown,not applicable
3155,28120,Plovers,Vanellus malabaricus,Yellow-wattled Lapwing,LC,False,False,False,True,False,Not a migrant,True,True,False,0,,3470000.0,3300-6700,estimated,Stable,suspected
3156,28220,Plovers,Vanellus macropterus,Javan Lapwing,CR,True,False,False,True,False,Not a migrant,True,True,False,0,D,1.0,0-49,estimated,Decreasing,suspected
3157,28230,Plovers,Vanellus tricolor,Banded Lapwing,LC,False,False,False,True,False,Not a migrant,True,False,False,0,,8610000.0,16600-67000,estimated,Stable,not applicable
3159,28080,Plovers,Vanellus armatus,Blacksmith Lapwing,LC,False,False,False,True,False,Not a migrant,True,True,True,0,,7590000.0,66700-667000,estimated,Increasing,suspected
3160,28090,Plovers,Vanellus spinosus,Spur-winged Lapwing,LC,False,False,False,True,False,Full migrant,True,True,True,0,,2.46E7,Unknown,estimated,Increasing,suspected
3161,28100,Plovers,Vanellus duvaucelii,River Lapwing,NT,False,False,False,True,False,Not a migrant,True,True,False,0,A3cde,5770000.0,10000-19999,suspected,Decreasing,not applicable
3162,28110,Plovers,Vanellus tectus,Black-headed Lapwing,LC,False,False,False,True,False,Not a migrant,True,True,False,0,,1.08E7,16700-683000,estimated,Unknown,not applicable
3163,28180,Plovers,Vanellus melanocephalus,Spot-breasted Lapwing,LC,False,False,False,True,False,Not a migrant,True,True,False,0,,247000.0,2500-9999,suspected,Unknown,not applicable
3164,28200,Plovers,Vanellus cinereus,Grey-headed Lapwing,LC,False,False,False,True,False,Full migrant,True,True,False,0,,3150000.0,16700-66700,estimated,Stable,suspected
3165,28210,Plovers,Vanellus indicus,Red-wattled Lapwing,LC,False,False,False,True,False,Not a migrant,True,True,False,0,,1.51E7,Unknown,estimated,Unknown,not applicable
3166,28130,Plovers,Vanellus albiceps,White-crowned Lapwing,LC,False,False,False,True,False,Not a migrant,True,True,True,0,,1.4E7,37300-85300,estimated,Decreasing,suspected
3167,28170,Plovers,Vanellus senegallus,Wattled Lapwing,LC,False,False,False,True,False,Not a migrant,True,True,False,0,,2.03E7,60000-210000,estimated,Decreasing,suspected
3168,28140,Plovers,Vanellus lugubris,Senegal Lapwing,LC,False,False,False,True,False,Full migrant,True,True,False,0,,1.29E7,16700-46700,estimated,Unknown,not applicable
3169,28150,Plovers,Vanellus melanopterus,Black-winged Lapwing,LC,False,False,False,True,False,Altitudinal migrant,True,False,True,0,,4740000.0,9300-42000,estimated,Unknown,suspected
3170,28160,Plovers,Vanellus coronatus,Crowned Lapwing,LC,False,False,False,True,False,Not a migrant,True,True,False,0,,1.11E7,293000-717000,estimated,Decreasing,suspected
3171,28190,Plovers,Vanellus superciliosus,Brown-chested Lapwing,LC,False,False,False,True,False,Full migrant,True,True,False,0,,846000.0,10000-19999,estimated,Unknown,not applicable
3173,28270,Plovers,Vanellus leucurus,White-tailed Lapwing,LC,False,False,False,True,False,Full migrant,True,True,True,0,,6960000.0,Unknown,estimated,Unknown,not applicable
3174,28050,Plovers,Hoploxypterus cayanus,Pied Plover,LC,False,False,False,True,False,Not a migrant,True,True,False,0,,1.31E7,16700-66700,not applicable,Stable,not applicable
3175,28280,Plovers,Vanellus chilensis,Southern Lapwing,LC,False,False,False,True,False,Full migrant,True,True,False,0,,2.48E7,5000000-49999999,estimated,Increasing,suspected
3176,28290,Plovers,Vanellus resplendens,Andean Lapwing,LC,False,False,False,True,False,Altitudinal migrant,True,True,False,0,,2120000.0,670-6700,estimated,Stable,suspected
3177,29770,Crab-plover,Dromas ardeola,Crab-plover,LC,False,False,False,True,False,Full migrant,True,False,True,0,,3390000.0,34800-46300,estimated,Stable,suspected
3178,27270,Egyptian Plover,Pluvianus aegyptius,Egyptian Plover,LC,False,False,False,True,False,Not a migrant,True,True,True,0,,1.15E7,14000-50000,estimated,Increasing,suspected
3179,29780,"Coursers, Pratincoles",Smutsornis africanus,Double-banded Courser,LC,False,False,False,True,False,Not a migrant,True,False,False,0,,1.04E7,Unknown,not applicable,Stable,suspected
3180,29800,"Coursers, Pratincoles",Rhinoptilus chalcopterus,Bronze-winged Courser,LC,False,False,False,True,False,Full migrant,True,True,False,0,,2.06E7,23300-687000,estimated,Unknown,suspected
3181,29790,"Coursers, Pratincoles",Rhinoptilus cinctus,Three-banded Courser,LC,False,False,False,True,False,Not a migrant,True,False,False,0,,6540000.0,10000-23300,estimated,Unknown,suspected
3182,29810,"Coursers, Pratincoles",Rhinoptilus bitorquatus,Jerdon's Courser,CR,False,False,False,True,False,Not a migrant,True,False,False,0,C2a(ii),19300.0,50-249,estimated,Decreasing,suspected
3184,29840,"Coursers, Pratincoles",Cursorius rufus,Burchell's Courser,LC,False,False,False,True,False,Not a migrant,True,True,False,0,,2020000.0,Unknown,not applicable,Decreasing,suspected
3185,29850,"Coursers, Pratincoles",Cursorius temminckii,Temminck's Courser,LC,False,False,False,True,False,Nomadic,True,True,False,0,,2.22E7,40000-190000,estimated,Unknown,suspected
3186,29860,"Coursers, Pratincoles",Cursorius coromandelicus,Indian Courser,LC,False,False,False,True,False,Not a migrant,True,False,False,0,,3570000.0,Unknown,not applicable,Stable,suspected
3187,29890,"Coursers, Pratincoles",Glareola pratincola,Collared Pratincole,LC,False,False,False,True,False,Full migrant,True,True,True,0,,5.27E7,Unknown,estimated,Decreasing,suspected
3188,29900,"Coursers, Pratincoles",Glareola maldivarum,Oriental Pratincole,LC,False,False,False,True,False,Full migrant,True,True,True,0,,2.54E7,1930000-1990000,estimated,Stable,suspected
3189,29910,"Coursers, Pratincoles",Glareola nordmanni,Black-winged Pratincole,NT,False,False,False,True,False,Full migrant,True,True,False,0,A2bc+3bc+4bc,5560000.0,150000-190000,estimated,Decreasing,suspected
3190,29920,"Coursers, Pratincoles",Glareola ocularis,Madagascar Pratincole,NT,False,False,False,True,False,Full migrant,True,True,True,0,C2a(ii),691000.0,3300-6700,suspected,Decreasing,inferred
3191,29930,"Coursers, Pratincoles",Glareola nuchalis,Rock Pratincole,LC,False,False,False,True,False,Full migrant,True,True,True,0,,1.71E7,83300-267000,estimated,Unknown,suspected
3192,29940,"Coursers, Pratincoles",Glareola cinerea,Grey Pratincole,LC,False,False,False,True,False,Not a migrant,True,True,True,0,,5460000.0,7300-23000,estimated,Unknown,not applicable
3193,29950,"Coursers, Pratincoles",Glareola lactea,Little Pratincole,LC,False,False,False,True,False,Full migrant,True,True,True,0,,8710000.0,33300-66700,estimated,Unknown,not applicable
3194,29880,"Coursers, Pratincoles",Stiltia isabella,Australian Pratincole,LC,False,False,False,True,False,Full migrant,True,True,False,0,,4420000.0,16700-66700,estimated,Unknown,suspected
3203,30070,"Gulls, Terns, Skimmers",Rynchops niger,Black Skimmer,LC,False,False,False,True,False,Full migrant,True,True,True,0,,4.37E7,Unknown,estimated,Decreasing,suspected
3204,30080,"Gulls, Terns, Skimmers",Rynchops flavirostris,African Skimmer,LC,False,False,False,True,False,Full migrant,True,True,True,0,,1.72E7,10000-17000,estimated,Decreasing,suspected
3206,30090,"Gulls, Terns, Skimmers",Rynchops albicollis,Indian Skimmer,EN,False,False,False,True,False,Full migrant,True,True,False,0,C1+2a(ii),1400000.0,2450-2900,estimated,Decreasing,estimated
3228,30520,"Gulls, Terns, Skimmers",Larus armenicus,Armenian Gull,LC,False,False,False,True,False,Full migrant,True,True,True,0,,798000.0,45000-73000,estimated,Increasing,estimated
3238,30270,"Gulls, Terns, Skimmers",Larus bulleri,Black-billed Gull,NT,False,False,False,True,False,Full migrant,True,True,True,0,A2b+4b,382000.0,90000-121000,estimated,Unknown,not applicable
3244,30220,"Gulls, Terns, Skimmers",Larus serranus,Andean Gull,LC,False,False,False,True,False,Full migrant,True,True,False,0,,3310000.0,100000-100000,estimated,Unknown,not applicable
3246,30340,"Gulls, Terns, Skimmers",Larus relictus,Relict Gull,VU,False,False,False,True,False,Full migrant,True,True,True,0,A3c,2670000.0,10000-19999,estimated,Decreasing,suspected
3259,30980,"Gulls, Terns, Skimmers",Sterna aurantia,River Tern,VU,False,False,False,True,False,Not a migrant,True,True,True,0,A2bcd+3bcd+4bcd,9330000.0,20000-70000,estimated,Decreasing,estimated
3279,30850,"Gulls, Terns, Skimmers",Sternula superciliaris,Yellow-billed Tern,LC,False,False,False,True,False,Not a migrant,True,True,False,0,,1.4E7,16700-66700,estimated,Stable,suspected
3284,31100,"Gulls, Terns, Skimmers",Sterna acuticauda,Black-bellied Tern,EN,False,False,False,True,False,Not a migrant,True,True,False,0,C2a(ii),4810000.0,"800-1600, 900-1100",estimated,Decreasing,inferred
3289,30940,"Gulls, Terns, Skimmers",Chlidonias albostriatus,Black-fronted Tern,EN,False,False,True,True,False,Full migrant,True,True,True,0,A2bce+3bce+4bce; C2a(ii),167000.0,1000-5000,estimated,Decreasing,estimated
3290,30950,"Gulls, Terns, Skimmers",Chlidonias hybrida,Whiskered Tern,LC,False,False,False,True,False,Full migrant,True,True,True,0,,1.39E8,Unknown,estimated,Stable,suspected
3291,30960,"Gulls, Terns, Skimmers",Chlidonias leucopterus,White-winged Tern,LC,False,False,False,True,False,Full migrant,True,True,True,0,,2.72E7,Unknown,estimated,Stable,suspected
3293,30890,"Gulls, Terns, Skimmers",Phaetusa simplex,Large-billed Tern,LC,False,False,False,True,False,Not a migrant,True,True,True,0,,1.58E7,23300-83300,estimated,Stable,suspected
3305,31510,Auks,Pinguinus impennis,Great Auk,EX,False,False,True,False,False,Not a migrant,True,False,True,0,,0.0,Unknown,,,not applicable
3317,31360,Auks,Aethia cristatella,Crested Auklet,LC,False,False,True,False,False,Not a migrant,True,False,True,0,,6000000.0,5500000,estimated,Decreasing,suspected
3626,6360,Grebes,Rollandia rolland,White-tufted Grebe,LC,False,False,False,True,False,Full migrant,True,True,False,0,,1.03E7,68800-70100,estimated,Stable,suspected
3627,6370,Grebes,Rollandia microptera,Titicaca Grebe,EN,False,False,False,True,False,Not a migrant,False,True,False,0,A2acde+3cde+4acde,69200.0,250-999,estimated,Decreasing,estimated
3628,6280,Grebes,Tachybaptus ruficollis,Little Grebe,LC,False,False,False,True,False,Full migrant,True,True,True,0,,1.34E8,Unknown,estimated,Decreasing,suspected
3629,6290,Grebes,Tachybaptus novaehollandiae,Australasian Grebe,LC,False,False,False,True,False,Full migrant,True,True,False,0,,2.72E7,16800-687000,estimated,Unknown,suspected
3630,6310,Grebes,Tachybaptus rufolavatus,Alaotra Grebe,EX,False,False,False,True,False,Not a migrant,False,True,False,0,,0.0,Unknown,,,not applicable
3632,6320,Grebes,Tachybaptus dominicus,Least Grebe,LC,False,False,False,True,False,Not a migrant,True,True,False,0,,2.7E7,20000-500000,suspected,Stable,suspected
3633,6340,Grebes,Podilymbus podiceps,Pied-billed Grebe,LC,False,False,False,True,False,Full migrant,True,True,False,0,,8.75E7,500000,estimated,Increasing,suspected
3634,6350,Grebes,Podilymbus gigas,Atitlan Grebe,EX,False,False,False,True,False,Not a migrant,False,True,False,0,,0.0,Unknown,,,not applicable
3635,6380,Grebes,Poliocephalus poliocephalus,Hoary-headed Grebe,LC,False,False,False,True,False,Full migrant,True,True,True,0,,5010000.0,16600-670000,estimated,Stable,suspected
3636,6390,Grebes,Poliocephalus rufopectus,New Zealand Grebe,LC,False,False,False,True,False,Not a migrant,True,True,False,0,,260000.0,"1000-5000, 2000-4000",estimated,Increasing,suspected
3637,6400,Grebes,Podiceps major,Great Grebe,LC,False,False,False,True,False,Full migrant,True,True,True,0,,9310000.0,26700-93300,estimated,Stable,suspected
3642,6450,Grebes,Podiceps andinus,Colombian Grebe,EX,False,False,False,True,False,Not a migrant,False,True,False,0,,0.0,Unknown,,,not applicable
3644,6480,Grebes,Podiceps taczanowskii,Junin Grebe,EN,False,False,False,True,False,Not a migrant,False,True,False,0,"B1ab(i,ii,iii)+2ab(i,ii,iii); D",140.0,140-320,estimated,Decreasing,suspected
3646,6510,Grebes,Aechmophorus occidentalis,Western Grebe,LC,False,False,False,True,False,Full migrant,True,True,True,0,,8380000.0,80000-90000,estimated,Stable,inferred
3647,6520,Grebes,Aechmophorus clarkii,Clark's Grebe,LC,False,False,False,True,False,Full migrant,True,True,False,0,,6220000.0,7300-14000,estimated,Decreasing,estimated
3660,27080,Darters,Anhinga anhinga,Anhinga,LC,False,False,False,True,False,Not a migrant,True,True,False,0,,2.87E7,Unknown,not applicable,Decreasing,suspected
3661,27090,Darters,Anhinga rufa,African Darter,LC,False,False,False,True,False,Not a migrant,True,True,True,0,,3.57E7,17000-84400,estimated,Stable,suspected
3662,27100,Darters,Anhinga melanogaster,Oriental Darter,LC,False,False,False,True,False,Not a migrant,True,True,False,0,,1.77E7,Unknown,,Increasing,inferred
3663,27110,Darters,Anhinga novaehollandiae,Australasian Darter,LC,False,False,False,True,False,Not a migrant,True,True,True,0,,1.31E7,Unknown,estimated,Stable,suspected
3664,26690,Cormorants,Microcarbo africanus,Long-tailed Cormorant,LC,False,False,False,True,False,Not a migrant,True,True,True,0,,2.95E7,134000-802000,estimated,Stable,suspected
3666,26700,Cormorants,Microcarbo pygmaeus,Pygmy Cormorant,LC,False,False,False,True,False,Full migrant,True,True,True,0,,6780000.0,Unknown,estimated,Increasing,suspected
3667,26710,Cormorants,Microcarbo niger,Little Cormorant,LC,False,False,False,True,False,Not a migrant,True,True,False,0,,1.3E7,183000-233000,estimated,Unknown,not applicable
3669,26900,Cormorants,Urile perspicillatus,Spectacled Cormorant,EX,False,False,True,True,False,Not a migrant,True,False,True,0,,0.0,Unknown,,,not applicable
3677,27000,Cormorants,Phalacrocorax varius,Great Pied Cormorant,LC,False,False,True,True,False,Not a migrant,True,True,True,0,,1.64E7,Unknown,estimated,Unknown,not applicable
3678,26980,Cormorants,Phalacrocorax sulcirostris,Little Black Cormorant,LC,False,False,False,True,False,Not a migrant,True,True,True,0,,2.71E7,23300-683000,estimated,Unknown,not applicable
3701,26200,Herons,Syrigma sibilatrix,Whistling Heron,LC,False,False,False,True,False,Full migrant,True,True,False,0,,8950000.0,23300-73300,not applicable,Stable,not applicable
3702,26240,Herons,Egretta rufescens,Reddish Egret,NT,False,False,False,True,False,Full migrant,True,False,True,0,C1,6670000.0,5000-9999,estimated,Decreasing,suspected
3703,26260,Herons,Egretta vinaceigula,Slaty Egret,VU,False,False,False,True,False,Not a migrant,False,True,False,0,C2a(ii),172000.0,2500-3300,estimated,Decreasing,suspected
3704,26250,Herons,Egretta ardesiaca,Black Heron,LC,False,False,False,True,False,Not a migrant,True,True,True,0,,2.45E7,16700-66700,estimated,Increasing,suspected
3705,26270,Herons,Egretta tricolor,Tricolored Heron,LC,False,False,False,True,False,Full migrant,True,True,True,0,,2.47E7,Unknown,estimated,Stable,suspected
3706,26230,Herons,Egretta novaehollandiae,White-faced Heron,LC,False,False,False,True,False,Full migrant,True,True,True,0,,2.77E7,Unknown,estimated,Unknown,not applicable
3707,26280,Herons,Egretta caerulea,Little Blue Heron,LC,False,False,False,True,False,Full migrant,True,True,True,0,,3.34E7,Unknown,estimated,Decreasing,suspected
3711,26290,Herons,Egretta thula,Snowy Egret,LC,False,False,False,True,False,Full migrant,True,True,True,0,,5.14E7,Unknown,estimated,Increasing,suspected
3712,26330,Herons,Egretta eulophotes,Chinese Egret,VU,False,False,False,True,False,Full migrant,True,True,True,0,C2a(i),1240000.0,2500-9999,estimated,Decreasing,suspected
3714,26210,Herons,Pilherodius pileatus,Capped Heron,LC,False,False,False,True,False,Not a migrant,True,True,False,0,,1.24E7,50000-499999,estimated,Decreasing,suspected
3715,26010,Herons,Ardea cinerea,Grey Heron,LC,False,False,False,True,False,Full migrant,True,True,True,0,,1.36E8,500000-2500000,estimated,Unknown,not applicable
3718,26040,Herons,Ardea cocoi,Cocoi Heron,LC,False,False,False,True,False,Full migrant,True,True,False,0,,2.06E7,5000000-49999999,estimated,Stable,suspected
3719,26050,Herons,Ardea pacifica,White-necked Heron,LC,False,False,False,True,False,Nomadic,True,True,True,0,,9380000.0,6700-67000,estimated,Stable,suspected
3720,26060,Herons,Ardea melanocephala,Black-headed Heron,LC,False,False,False,True,False,Full migrant,True,True,True,0,,2.6E7,66700-333000,estimated,Decreasing,suspected
3721,26070,Herons,Ardea humbloti,Madagascar Heron,EN,False,False,False,True,False,Not a migrant,True,True,True,0,C2a(ii),660000.0,1000,estimated,Decreasing,suspected
3722,26100,Herons,Ardea goliath,Goliath Heron,LC,False,False,False,True,False,Full migrant,True,True,True,0,,3.08E7,6700-67000,estimated,Stable,suspected
3724,26090,Herons,Ardea sumatrana,Great-billed Heron,LC,False,False,False,True,False,Not a migrant,True,True,True,0,,1.62E7,11700-71700,estimated,Decreasing,suspected
3725,26110,Herons,Ardea purpurea,Purple Heron,LC,False,False,False,True,False,Full migrant,True,True,True,0,,1.31E8,180000-380000,estimated,Decreasing,suspected
3727,26220,Herons,Egretta picata,Pied Heron,LC,False,False,False,True,False,Full migrant,True,True,True,0,,2450000.0,16700-66700,estimated,Unknown,suspected
3728,26120,Herons,Ardea alba,Great White Egret,LC,False,False,False,True,False,Full migrant,True,True,True,0,,3.46E8,590000-2200000,estimated,Unknown,not applicable
3730,26000,Herons,Bubulcus ibis,Cattle Egret,LC,False,False,False,True,False,Full migrant,True,True,False,0,,3.55E8,Unknown,estimated,Increasing,suspected
3732,25950,Herons,Ardeola grayii,Indian Pond Heron,LC,False,False,False,True,False,Not a migrant,True,True,True,0,,1.09E7,66700-667000,estimated,Unknown,not applicable
3733,25960,Herons,Ardeola bacchus,Chinese Pond Heron,LC,False,False,False,True,False,Full migrant,True,True,True,0,,9030000.0,16700-667000,estimated,Stable,suspected
3734,25970,Herons,Ardeola speciosa,Javan Pond Heron,LC,False,False,False,True,False,Not a migrant,True,True,False,0,,6360000.0,6700-67000,estimated,Unknown,not applicable
3735,25980,Herons,Ardeola idae,Malagasy Pond Heron,EN,False,False,False,True,False,Full migrant,True,True,True,0,C2a(ii),1050000.0,1000-2499,estimated,Decreasing,inferred
3736,25990,Herons,Ardeola rufiventris,Rufous-bellied Heron,LC,False,False,False,True,False,Not a migrant,True,True,False,0,,8070000.0,6700-67000,estimated,Unknown,not applicable
3740,25600,Herons,Agamia agami,Agami Heron,NT,False,False,False,True,False,Not a migrant,True,True,False,0,A3c+4c,1.33E7,Unknown,not applicable,Decreasing,suspected
3742,25850,Herons,Nycticorax nycticorax,Black-crowned Night Heron,LC,False,False,False,True,False,Full migrant,True,True,True,0,,2.48E8,Unknown,estimated,Decreasing,suspected
3743,25860,Herons,Nycticorax caledonicus,Nankeen Night Heron,LC,False,False,False,True,False,Full migrant,True,True,True,0,,3.16E7,24700-743000,estimated,Stable,suspected
3745,25780,Herons,Oroanassa magnifica,White-eared Night Heron,EN,False,False,False,True,False,Full migrant,True,True,False,0,C2a(i),2180000.0,250-999,estimated,Decreasing,suspected
3746,25790,Herons,Gorsachius goisagi,Japanese Night Heron,VU,False,False,False,True,False,Full migrant,True,True,False,0,C2a(ii),1010000.0,5000-9999,suspected,Decreasing,inferred
3747,25800,Herons,Gorsachius melanolophus,Malay Night Heron,LC,False,False,False,True,False,Full migrant,True,True,False,0,,1.04E7,1300-13000,estimated,Unknown,not applicable
3750,25580,Herons,Tigrisoma fasciatum,Fasciated Tiger-heron,LC,False,False,False,True,False,Not a migrant,True,True,False,0,,1.44E7,20000-49999,suspected,Decreasing,suspected
3751,25570,Herons,Tigrisoma lineatum,Rufescent Tiger-heron,LC,False,False,False,True,False,Not a migrant,True,True,False,0,,1.69E7,50000-499999,suspected,Stable,suspected
3752,25550,Herons,Zonerodius heliosylus,Forest Bittern,NT,False,False,False,True,False,Not a migrant,True,True,False,0,C1,1270000.0,1500-7000,estimated,Decreasing,suspected
3754,25620,Herons,Zebrilus undulatus,Zigzag Heron,LC,False,False,False,True,False,Not a migrant,True,True,False,0,,7800000.0,Unknown,not applicable,Decreasing,suspected
3755,25670,Herons,Ixobrychus involucris,Stripe-backed Bittern,LC,False,False,False,True,False,Full migrant,True,True,False,0,,1.55E7,73300-683000,estimated,Stable,suspected
3757,25720,Herons,Ixobrychus sinensis,Yellow Bittern,LC,False,False,False,True,False,Full migrant,True,True,False,0,,5.15E7,66700-667000,estimated,Unknown,not applicable
3758,25710,Herons,Ixobrychus novaezelandiae,New Zealand Little Bittern,EX,False,False,False,True,False,Not a migrant,False,True,False,0,,0.0,0,estimated,,not applicable
3759,25680,Herons,Ixobrychus exilis,Least Bittern,LC,False,False,False,True,False,Full migrant,True,True,True,0,,4.13E7,Unknown,estimated,Stable,estimated
3760,25730,Herons,Ixobrychus eurhythmus,Schrenck's Bittern,LC,False,False,False,True,False,Full migrant,True,True,True,0,,8610000.0,670-17000,estimated,Decreasing,suspected
3761,25740,Herons,Ixobrychus cinnamomeus,Cinnamon Bittern,LC,False,False,False,True,False,Full migrant,True,True,False,0,,2.64E7,83300-1330000,estimated,Unknown,suspected
3762,25750,Herons,Ixobrychus sturmii,Dwarf Bittern,LC,False,False,False,True,False,Full migrant,True,True,False,0,,2.24E7,16700-66700,estimated,Unknown,not applicable
3763,25760,Herons,Ixobrychus flavicollis,Black Bittern,LC,False,False,False,True,False,Full migrant,True,True,True,0,,4.92E7,30000-214000,estimated,Unknown,suspected
3764,25650,Herons,Botaurus lentiginosus,American Bittern,LC,False,False,False,True,False,Full migrant,True,True,False,0,,1.76E7,Unknown,estimated,Decreasing,estimated
3765,25660,Herons,Botaurus pinnatus,Pinnated Bittern,LC,False,False,False,True,False,Full migrant,True,True,False,0,,1.61E7,50000-499999,estimated,Stable,suspected
3766,25630,Herons,Botaurus stellaris,Eurasian Bittern,LC,False,False,False,True,False,Full migrant,True,True,False,0,,8.62E7,Unknown,estimated,Decreasing,suspected
3767,25640,Herons,Botaurus poiciloptilus,Australasian Bittern,VU,False,False,False,True,False,Not a migrant,False,True,True,0,C2a(i),1.02E7,1000-2499,estimated,Decreasing,inferred
3768,26390,Hamerkop,Scopus umbretta,Hamerkop,LC,False,False,False,True,False,Not a migrant,True,True,False,0,,3.11E7,Unknown,estimated,Stable,suspected
3772,6580,Flamingos,Phoenicoparrus andinus,Andean Flamingo,VU,False,False,False,True,False,Full migrant,True,True,False,0,A2acd+4acd,793000.0,Unknown,not applicable,Decreasing,suspected
3773,6590,Flamingos,Phoenicoparrus jamesi,Puna Flamingo,NT,False,False,False,True,False,Full migrant,True,True,False,0,A3cd,604000.0,Unknown,estimated,Stable,estimated
3774,25490,"Ibises, Spoonbills",Eudocimus albus,White Ibis,LC,False,False,False,True,False,Not a migrant,True,True,False,0,,1.29E7,210000-360000,suspected,Stable,suspected
3775,25500,"Ibises, Spoonbills",Eudocimus ruber,Scarlet Ibis,LC,False,False,False,True,False,Not a migrant,True,True,False,0,,9630000.0,Unknown,estimated,Decreasing,suspected
3776,25480,"Ibises, Spoonbills",Phimosus infuscatus,Bare-faced Ibis,LC,False,False,False,True,False,Full migrant,True,True,False,0,,1.34E7,Unknown,estimated,Stable,suspected
3777,25510,"Ibises, Spoonbills",Plegadis falcinellus,Glossy Ibis,LC,False,False,False,True,False,Full migrant,True,True,True,0,,1.8E8,Unknown,estimated,Decreasing,suspected
3778,25520,"Ibises, Spoonbills",Plegadis chihi,White-faced Ibis,LC,False,False,False,True,False,Full migrant,True,True,False,0,,3.29E7,Unknown,estimated,Increasing,suspected
3779,25530,"Ibises, Spoonbills",Plegadis ridgwayi,Puna Ibis,LC,False,False,False,True,False,Altitudinal migrant,True,True,False,0,,888000.0,6700-10000,estimated,Decreasing,suspected
3780,25460,"Ibises, Spoonbills",Cercibis oxycerca,Sharp-tailed Ibis,LC,False,False,False,True,False,Not a migrant,True,False,False,0,,903000.0,6700-17000,estimated,Stable,suspected
3781,25410,"Ibises, Spoonbills",Theristicus caerulescens,Plumbeous Ibis,LC,False,False,False,True,False,Not a migrant,True,False,False,0,,2880000.0,Unknown,estimated,Stable,suspected
3782,25420,"Ibises, Spoonbills",Theristicus caudatus,Buff-necked Ibis,LC,False,False,False,True,False,Not a migrant,True,False,False,0,,1.26E7,Unknown,estimated,Stable,suspected
3783,25430,"Ibises, Spoonbills",Theristicus branickii,Andean Ibis,NT,False,False,False,True,False,Not a migrant,True,False,False,0,A2cd+4cd,938000.0,2500-9999,inferred,Decreasing,suspected
3785,25470,"Ibises, Spoonbills",Mesembrinibis cayennensis,Green Ibis,LC,False,False,False,True,False,Not a migrant,True,True,False,0,,1.35E7,50000-499999,estimated,Stable,suspected
3786,25380,"Ibises, Spoonbills",Bostrychia hagedash,Hadada Ibis,LC,False,False,False,True,False,Not a migrant,True,True,False,0,,2.5E7,Unknown,estimated,Increasing,suspected
3787,25390,"Ibises, Spoonbills",Bostrychia carunculata,Wattled Ibis,LC,False,False,False,True,False,Not a migrant,True,True,False,0,,706000.0,670-17000,estimated,Unknown,not applicable
3788,25350,"Ibises, Spoonbills",Bostrychia olivacea,Olive Ibis,LC,False,False,False,True,False,Not a migrant,True,True,False,0,,4700000.0,3000-45000,estimated,Decreasing,suspected
3792,25330,"Ibises, Spoonbills",Geronticus calvus,Southern Bald Ibis,NT,False,False,False,True,False,Not a migrant,True,False,False,0,A3c; C2a(ii),228000.0,7000-8000,estimated,Stable,inferred
3793,25540,"Ibises, Spoonbills",Lophotibis cristata,Madagascar Crested Ibis,VU,False,False,False,True,False,Not a migrant,True,True,False,0,A2cd+3cd+4cd,689000.0,2500-9999,suspected,Decreasing,inferred
3795,25250,"Ibises, Spoonbills",Threskiornis melanocephalus,Black-headed Ibis,LC,False,False,False,True,False,Not a migrant,True,True,False,0,,1.121E7,250000-500000,suspected,Increasing,inferred
3796,25260,"Ibises, Spoonbills",Threskiornis moluccus,Australian Ibis,LC,False,False,False,True,False,Full migrant,True,True,True,0,,1.41E7,Unknown,estimated,Stable,suspected
3797,25270,"Ibises, Spoonbills",Threskiornis spinicollis,Straw-necked Ibis,LC,False,False,False,True,False,Full migrant,True,True,False,0,,9580000.0,Unknown,estimated,Decreasing,suspected
3798,25290,"Ibises, Spoonbills",Pseudibis papillosa,Red-naped Ibis,LC,False,False,False,True,False,Not a migrant,True,True,False,0,,3320000.0,Unknown,estimated,Decreasing,suspected
3802,25190,"Ibises, Spoonbills",Platalea leucorodia,Eurasian Spoonbill,LC,False,False,False,True,False,Full migrant,True,True,True,0,,5.62E7,Unknown,estimated,Unknown,not applicable
3803,25210,"Ibises, Spoonbills",Platalea regia,Royal Spoonbill,LC,False,False,False,True,False,Full migrant,True,True,True,0,,1.96E7,Unknown,estimated,Stable,suspected
3804,25180,"Ibises, Spoonbills",Platalea alba,African Spoonbill,LC,False,False,False,True,False,Nomadic,True,True,True,0,,2.71E7,7300-73000,estimated,Stable,suspected
3805,25200,"Ibises, Spoonbills",Platalea minor,Black-faced Spoonbill,EN,False,False,False,True,False,Full migrant,False,True,True,0,A3ce,169000.0,2250,observed,Increasing,observed
3806,25160,"Ibises, Spoonbills",Platalea flavipes,Yellow-billed Spoonbill,LC,False,False,False,True,False,Full migrant,True,True,False,0,,4270000.0,6600-16600,estimated,Stable,suspected
3807,25170,"Ibises, Spoonbills",Platalea ajaja,Roseate Spoonbill,LC,False,False,False,True,False,Full migrant,True,True,False,0,,2.74E7,Unknown,estimated,Stable,suspected
3810,26430,Pelicans,Pelecanus rufescens,Pink-backed Pelican,LC,False,False,False,True,False,Not a migrant,True,True,True,0,,2.77E7,33300-66700,estimated,Stable,suspected
3811,26410,Pelicans,Pelecanus crispus,Dalmatian Pelican,NT,False,False,False,True,False,Full migrant,True,True,True,0,A3cde,1.26E7,11400-13400,estimated,Decreasing,suspected
3812,26420,Pelicans,Pelecanus philippensis,Spot-billed Pelican,NT,False,False,False,True,False,Full migrant,True,True,True,0,A2cd; C1,8850000.0,8700-12000,estimated,Decreasing,suspected
3813,26440,Pelicans,Pelecanus conspicillatus,Australian Pelican,LC,False,False,False,True,False,Full migrant,True,True,True,0,,1.06E7,46700-200000,estimated,Stable,suspected
3814,26480,Pelicans,Pelecanus erythrorhynchos,American White Pelican,LC,False,False,False,True,False,Full migrant,True,True,True,0,,6700000.0,Unknown,estimated,Increasing,suspected
3824,24970,Storks,Mycteria americana,Wood Stork,LC,False,False,False,True,False,Full migrant,True,True,True,0,,2.86E7,Unknown,estimated,Decreasing,suspected
3825,25000,Storks,Mycteria cinerea,Milky Stork,EN,False,False,False,True,False,Not a migrant,True,True,True,0,A2bcd+3bcd+4bcd; C2a(ii),3200000.0,"600-1850, 1200-1850",estimated,Decreasing,inferred
3826,24980,Storks,Mycteria ibis,Yellow-billed Stork,LC,False,False,False,True,False,Full migrant,True,True,True,0,,2.65E7,Unknown,estimated,Decreasing,suspected
3827,24990,Storks,Mycteria leucocephala,Painted Stork,LC,False,False,False,True,False,Not a migrant,True,True,True,0,,8700000.0,20000-60000,suspected,Increasing,inferred
3828,25010,Storks,Anastomus oscitans,Asian Openbill,LC,False,False,False,True,False,Not a migrant,True,True,False,0,,7080000.0,Unknown,estimated,Unknown,not applicable
3830,25030,Storks,Ciconia nigra,Black Stork,LC,False,False,False,True,False,Full migrant,True,True,False,0,,2.51E7,Unknown,estimated,Unknown,not applicable
3831,25040,Storks,Ciconia abdimii,Abdim's Stork,LC,False,False,False,True,False,Full migrant,True,True,False,0,,8790000.0,Unknown,estimated,Decreasing,suspected
3833,25070,Storks,Ciconia stormi,Storm's Stork,EN,False,False,False,True,False,Not a migrant,True,True,False,0,A2c+4c; C2a(i),3600000.0,300-1750,estimated,Decreasing,inferred
3834,25080,Storks,Ciconia maguari,Maguari Stork,LC,False,False,False,True,False,Full migrant,True,True,False,0,,1.17E7,Unknown,estimated,Stable,suspected
3835,25090,Storks,Ciconia ciconia,White Stork,LC,False,False,False,True,False,Full migrant,True,True,False,0,,5.27E7,Unknown,estimated,Increasing,suspected
3837,25130,Storks,Ephippiorhynchus asiaticus,Black-necked Stork,NT,False,False,False,True,False,Not a migrant,True,True,True,0,A2bc+3bc+4bc;C1,2.75E7,Unknown,estimated,Decreasing,estimated
3838,25140,Storks,Ephippiorhynchus senegalensis,Saddle-billed Stork,LC,False,False,False,True,False,Not a migrant,True,True,False,0,,2.06E7,670-17000,estimated,Decreasing,suspected
3839,25120,Storks,Jabiru mycteria,Jabiru,LC,False,False,False,True,False,Not a migrant,True,True,False,0,,1.8E7,20000-85000,estimated,Unknown,not applicable
3840,24960,Storks,Leptoptilos javanicus,Lesser Adjutant,NT,False,False,False,True,False,Not a migrant,True,True,True,0,A2cd+4cd,1.3E7,5000-15000,suspected,Unknown,not applicable
446,5770,"Ducks, Geese, Swans",Spatula platalea,Red Shoveler,LC,False,False,False,True,False,Full migrant,True,True,True,0,,7340000.0,16700-667000,estimated,Stable,suspected
447,5790,"Ducks, Geese, Swans",Spatula rhynchotis,Australasian Shoveler,LC,False,False,False,True,False,Not a migrant,True,True,True,0,,1.32E7,86700-163000,estimated,Unknown,suspected
448,5800,"Ducks, Geese, Swans",Spatula clypeata,Northern Shoveler,LC,False,False,False,True,False,Full migrant,True,True,True,0,,3.99E7,4300000-4700000,estimated,Decreasing,suspected
449,6090,"Ducks, Geese, Swans",Anas bernieri,Madagascar Teal,EN,False,False,False,True,False,Full migrant,True,True,True,0,C2a(ii),310000.0,630-1900,estimated,Decreasing,inferred
451,6040,"Ducks, Geese, Swans",Anas gracilis,Grey Teal,LC,False,False,False,True,False,Nomadic,True,True,True,0,,2.24E7,147000-747000,estimated,Decreasing,suspected
3841,24940,Storks,Leptoptilos crumenifer,Marabou Stork,LC,False,False,False,True,False,Not a migrant,True,True,False,0,,2.4E7,Unknown,estimated,Increasing,suspected
3842,24950,Storks,Leptoptilos dubius,Greater Adjutant,NT,False,False,False,True,False,Not a migrant,True,True,False,0,D1,1200000.0,1360-1510,estimated,Increasing,estimated
3856,23010,Penguins,Eudyptes sclateri,Erect-crested Penguin,EN,False,False,True,False,False,Full migrant,True,False,True,136,"A2b; B1ab(ii,v)+2ab(ii,v)",1300.0,150000,estimated,Decreasing,estimated
3940,24580,"Petrels, Shearwaters",Puffinus opisthomelas,Black-vented Shearwater,NT,False,False,True,False,False,Full migrant,True,False,True,504,"A2cde; B2b(ii,iii)",38400.0,200000-299999,estimated,Stable,suspected
3989,23410,Northern Storm-petrels,Hydrobates furcatus,Fork-tailed Storm-petrel,LC,False,False,True,False,False,Full migrant,True,False,True,0,,2.24E7,4000000,estimated,Increasing,suspected
3988,23420,Northern Storm-petrels,Hydrobates hornbyi,Ringed Storm-petrel,NT,False,False,True,False,False,Not a migrant,True,False,True,2000,B2b(iii),2560000.0,500000-800000,estimated,Decreasing,suspected
3987,23310,Northern Storm-petrels,Hydrobates homochroa,Ashy Storm-petrel,EN,False,False,True,False,False,Full migrant,True,False,True,1300,A2ce+3ce,434000.0,3500-6700,estimated,Decreasing,estimated
3986,23300,Northern Storm-petrels,Hydrobates melania,Black Storm-petrel,LC,False,False,True,False,False,Full migrant,True,False,True,0,,188000.0,600000,estimated,Decreasing,suspected
3985,23290,Northern Storm-petrels,Hydrobates matsudairae,Matsudaira's Storm-petrel,VU,False,False,True,False,False,Full migrant,True,False,True,0,D2,270.0,Unknown,estimated,Unknown,
3984,23400,Northern Storm-petrels,Hydrobates markhami,Markham's Storm-petrel,NT,False,False,True,False,False,Full migrant,True,False,True,0,"B2ab(iii,v)",1.4E7,100000-120000,estimated,Decreasing,suspected
3983,23390,Northern Storm-petrels,Hydrobates tristrami,Tristram's Storm-petrel,LC,False,False,True,False,False,Full migrant,True,False,True,1280,,1.63E7,20000,estimated,Stable,suspected
3982,23380,Northern Storm-petrels,Hydrobates macrodactylus,Guadalupe Storm-petrel,CR,True,False,True,False,False,Full migrant,True,False,True,0,D,1.0,1-49,estimated,Unknown,
3981,23370,Northern Storm-petrels,Hydrobates monorhis,Swinhoe's Storm-petrel,NT,False,False,True,False,False,Full migrant,True,False,True,0,A3ce,3.6E7,65000 - 260000,estimated,Stable,suspected
3978,23330,Northern Storm-petrels,Hydrobates tethys,Wedge-rumped Storm-petrel,LC,False,False,True,False,False,Full migrant,True,False,True,0,,1.61E7,Unknown,estimated,Decreasing,suspected
3977,23320,Northern Storm-petrels,Hydrobates microsoma,Least Storm-petrel,LC,False,False,True,False,False,Full migrant,True,False,True,0,,5590000.0,Unknown,estimated,Stable,suspected
3976,23250,Northern Storm-petrels,Hydrobates pelagicus,European Storm-petrel,LC,False,False,True,False,False,Full migrant,True,False,True,0,,8.49E7,430000-519999,estimated,Unknown,suspected
3975,23240,Southern Storm-petrels,Nesofregetta fuliginosa,Polynesian Storm-petrel,EN,False,False,True,False,False,Full migrant,True,False,True,500,C2a(i),3.2E7,250-999,estimated,Decreasing,estimated
3974,23200,Southern Storm-petrels,Fregetta grallaria,White-bellied Storm-petrel,LC,False,False,True,False,False,Full migrant,True,False,True,0,,1.91E8,Unknown,estimated,Decreasing,suspected
3973,23210,Southern Storm-petrels,Fregetta tropica,Black-bellied Storm-petrel,LC,False,False,True,False,False,Full migrant,True,False,True,0,,2.12E7,Unknown,estimated,Decreasing,suspected
3972,23170,Southern Storm-petrels,Pelagodroma marina,White-faced Storm-petrel,LC,False,False,True,False,False,Full migrant,True,False,True,0,,2.81E8,Unknown,estimated,Decreasing,suspected
3971,23600,Albatrosses,Phoebetria palpebrata,Light-mantled Albatross,NT,False,False,True,False,False,Full migrant,True,False,True,0,A4bd,1.0E8,58000,estimated,Decreasing,suspected
3970,23140,Southern Storm-petrels,Oceanites gracilis,White-vented Storm-petrel,DD,False,False,True,False,False,Full migrant,True,False,True,0,,4480000.0,Unknown,estimated,Unknown,not applicable
3969,23130,Southern Storm-petrels,Oceanites oceanicus,Wilson's Storm-petrel,LC,False,False,True,False,False,Full migrant,True,False,True,0,,2.2E7,8000000-20000000,estimated,Stable,suspected
3967,23590,Albatrosses,Phoebetria fusca,Sooty Albatross,EN,False,False,True,False,False,Full migrant,True,False,True,1900,A4bd,7.62E7,21234-28656,estimated,Decreasing,suspected
3965,23650,Albatrosses,Thalassarche chlororhynchos,Atlantic Yellow-nosed Albatross,EN,False,False,True,False,False,Full migrant,True,False,True,80,A4bd; B2ab(v),2.91E7,35000-73500,estimated,Decreasing,estimated
3964,23670,Albatrosses,Thalassarche chrysostoma,Grey-headed Albatross,EN,False,False,True,False,False,Full migrant,True,False,True,1800,A4bd,1.07E8,250000,estimated,Decreasing,estimated
3963,23730,Albatrosses,Thalassarche eremita,Chatham Albatross,VU,False,False,True,False,False,Full migrant,True,False,True,1,D2,5.91E7,11000,estimated,Stable,estimated
3962,23740,Albatrosses,Thalassarche salvini,Salvin's Albatross,VU,False,False,True,False,False,Full migrant,True,False,True,1,D2,1.42E8,79990,estimated,Unknown,
3959,23680,Albatrosses,Thalassarche melanophris,Black-browed Albatross,LC,False,False,True,False,False,Full migrant,True,False,True,24100,,1.77E8,1400000,estimated,Increasing,estimated
3958,23630,Albatrosses,Phoebastria immutabilis,Laysan Albatross,NT,False,False,True,False,False,Full migrant,True,False,True,3500,A4bd,4.9E7,1600000,estimated,Stable,estimated
3957,23620,Albatrosses,Phoebastria nigripes,Black-footed Albatross,NT,False,False,True,False,False,Full migrant,True,False,True,29,A3cd,9.41E7,139800,estimated,Increasing,estimated
3956,23640,Albatrosses,Phoebastria albatrus,Short-tailed Albatross,VU,False,False,True,False,False,Full migrant,True,False,True,9,D2,5.37E7,1734,estimated,Increasing,estimated
3955,23610,Albatrosses,Phoebastria irrorata,Waved Albatross,CR,False,False,True,False,False,Full migrant,True,False,True,9,B2ab(v),2280000.0,Unknown,estimated,Decreasing,estimated
3954,23470,Albatrosses,Diomedea epomophora,Southern Royal Albatross,VU,False,False,True,False,False,Full migrant,True,False,True,750,D2,9.86E7,27200,estimated,Stable,estimated
3953,23500,Albatrosses,Diomedea amsterdamensis,Amsterdam Albatross,EN,False,False,True,False,False,Full migrant,True,False,True,7,D,1.19E7,92,observed,Increasing,suspected
3952,23480,Albatrosses,Diomedea exulans,Snowy Albatross,VU,False,False,True,False,False,Full migrant,True,False,True,1900,A4bd,1.28E8,20100,estimated,Decreasing,estimated
3951,24920,"Petrels, Shearwaters",Pelecanoides urinatrix,Common Diving-petrel,LC,False,False,True,False,False,Full migrant,True,False,True,0,,8.31E7,Unknown,estimated,Decreasing,suspected
3949,24900,"Petrels, Shearwaters",Pelecanoides magellani,Magellanic Diving-petrel,LC,False,False,True,False,False,Not a migrant,True,False,True,0,,1820000.0,6700-330000,estimated,Decreasing,suspected
3948,24890,"Petrels, Shearwaters",Pelecanoides garnotii,Peruvian Diving-petrel,NT,False,False,True,False,False,Full migrant,True,False,True,184,B2b(iii),269000.0,100000,estimated,Increasing,suspected
3947,24720,"Petrels, Shearwaters",Puffinus heinrothi,Heinroth's Shearwater,VU,False,False,True,False,False,Full migrant,True,False,True,0,D1+2,500000.0,250-999,estimated,Stable,suspected
3946,24650,"Petrels, Shearwaters",Puffinus bannermani,Bannerman's Shearwater,EN,False,False,True,False,False,Full migrant,True,False,True,95,B2ab(v),1380000.0,Unknown,,Decreasing,inferred
3945,24640,"Petrels, Shearwaters",Puffinus persicus,Persian Shearwater,LC,False,False,True,False,False,Full migrant,True,False,True,0,,7710000.0,Unknown,,Decreasing,
3942,24570,"Petrels, Shearwaters",Puffinus huttoni,Hutton's Shearwater,EN,False,False,True,False,False,Full migrant,True,False,True,5,B2ab(iii),1.67E7,Unknown,estimated,Stable,suspected
3941,24560,"Petrels, Shearwaters",Puffinus gavia,Fluttering Shearwater,LC,False,False,True,False,False,Full migrant,True,False,True,0,,1.24E7,Unknown,estimated,Decreasing,suspected
3938,24620,"Petrels, Shearwaters",Puffinus auricularis,Townsend's Shearwater,CR,False,False,True,False,False,Full migrant,True,False,True,9,"B2ab(i,ii,iii,v)",3200000.0,250-999,estimated,Decreasing,inferred
3937,24670,"Petrels, Shearwaters",Puffinus yelkouan,Yelkouan Shearwater,VU,False,False,True,False,False,Full migrant,True,False,True,0,A4bcde,5480000.0,Unknown,estimated,Decreasing,estimated
3936,24660,"Petrels, Shearwaters",Puffinus puffinus,Manx Shearwater,LC,False,False,True,False,False,Full migrant,True,False,True,0,,1.2E8,680000-790000,estimated,Unknown,not applicable
3935,24540,"Petrels, Shearwaters",Puffinus nativitatis,Christmas Shearwater,LC,False,False,True,False,False,Full migrant,True,False,True,0,,5.51E7,Unknown,estimated,Stable,suspected
3934,24430,"Petrels, Shearwaters",Ardenna tenuirostris,Short-tailed Shearwater,LC,False,False,True,False,False,Full migrant,True,False,True,0,,1.55E8,Unknown,estimated,Decreasing,suspected
3933,24440,"Petrels, Shearwaters",Ardenna grisea,Sooty Shearwater,NT,False,False,True,False,False,Full migrant,True,False,True,0,A2de+3de+4de,4.77E7,8800000,estimated,Decreasing,suspected
3932,24450,"Petrels, Shearwaters",Ardenna gravis,Great Shearwater,LC,False,False,True,False,False,Full migrant,True,False,True,0,,1.09E8,10000000,estimated,Stable,suspected
3931,24470,"Petrels, Shearwaters",Ardenna creatopus,Pink-footed Shearwater,VU,False,False,True,False,False,Full migrant,True,False,True,150,D2,4.5E7,59146,estimated,Unknown,
3930,24460,"Petrels, Shearwaters",Ardenna carneipes,Flesh-footed Shearwater,NT,False,False,True,False,False,Full migrant,True,False,True,0,A2bcde+3bcde+4bcde,1.88E8,148000,estimated,Decreasing,suspected
3929,24420,"Petrels, Shearwaters",Ardenna bulleri,Buller's Shearwater,VU,False,False,True,False,False,Full migrant,True,False,True,2,D2,1.35E8,Unknown,estimated,Stable,suspected
3928,24410,"Petrels, Shearwaters",Ardenna pacifica,Wedge-tailed Shearwater,LC,False,False,True,False,False,Full migrant,True,False,True,0,,1.6E8,Unknown,estimated,Decreasing,suspected
3927,24480,"Petrels, Shearwaters",Calonectris leucomelas,Streaked Shearwater,NT,False,False,True,False,False,Full migrant,True,False,True,0,A2abe+3be+4abe,4.58E7,Unknown,estimated,Decreasing,suspected
3925,24350,"Petrels, Shearwaters",Procellaria cinerea,Grey Petrel,NT,False,False,True,False,False,Full migrant,True,False,True,0,A2de+3de+4de,1.46E8,151500,estimated,Decreasing,suspected
3924,24380,"Petrels, Shearwaters",Procellaria westlandica,Westland Petrel,EN,False,False,True,False,False,Full migrant,True,False,True,16,B2ab(iii),3.06E7,7900-13700,estimated,Unknown,
3923,24390,"Petrels, Shearwaters",Procellaria parkinsoni,Black Petrel,VU,False,False,True,False,False,Full migrant,True,False,True,160,D2,5.43E7,5500,estimated,Stable,suspected
3922,24360,"Petrels, Shearwaters",Procellaria aequinoctialis,White-chinned Petrel,VU,False,False,True,False,False,Full migrant,True,False,True,3300,A4bcde,1.73E8,3000000,estimated,Decreasing,inferred
3921,24860,"Petrels, Shearwaters",Bulweria fallax,Jouanin's Petrel,NT,False,False,True,False,False,Full migrant,True,False,True,0,D2,9270000.0,2500-9999,suspected,Unknown,suspected
3920,24850,"Petrels, Shearwaters",Bulweria bulwerii,Bulwer's Petrel,LC,False,False,True,False,False,Full migrant,True,False,True,0,,2.7E8,Unknown,estimated,Stable,suspected
3919,23920,"Petrels, Shearwaters",Pachyptila crassirostris,Fulmar Prion,LC,False,False,True,False,False,Full migrant,True,False,True,0,,2.07E7,100000-200000,estimated,Stable,suspected
3918,23910,"Petrels, Shearwaters",Pachyptila turtur,Fairy Prion,LC,False,False,True,False,False,Full migrant,True,False,True,0,,6.36E7,Unknown,estimated,Stable,suspected
3917,23900,"Petrels, Shearwaters",Pachyptila belcheri,Slender-billed Prion,LC,False,False,True,False,False,Full migrant,True,False,True,0,,1.4E8,Unknown,estimated,Stable,suspected
3916,23890,"Petrels, Shearwaters",Pachyptila desolata,Antarctic Prion,LC,False,False,True,False,False,Full migrant,True,False,True,0,,1.35E8,Unknown,estimated,Decreasing,suspected
3914,23860,"Petrels, Shearwaters",Pachyptila vittata,Broad-billed Prion,LC,False,False,True,False,False,Not a migrant,True,False,True,0,,1.38E8,Unknown,estimated,Decreasing,suspected
3913,23850,"Petrels, Shearwaters",Halobaena caerulea,Blue Petrel,LC,False,False,True,False,False,Full migrant,True,False,True,0,,9.65E7,Unknown,estimated,Decreasing,suspected
3912,24210,"Petrels, Shearwaters",Pterodroma caribbaea,Jamaican Petrel,CR,True,False,True,False,False,Full migrant,True,False,True,0,D,1.0,1-49,estimated,Unknown,
3911,24200,"Petrels, Shearwaters",Pterodroma hasitata,Black-capped Petrel,EN,False,False,True,False,False,Full migrant,True,False,True,20,"B2ab(ii,iii,v)",9060000.0,1000-2000,estimated,Decreasing,estimated
3910,24190,"Petrels, Shearwaters",Pterodroma cahow,Bermuda Petrel,EN,False,False,True,False,False,Full migrant,True,False,True,1,D,1.75E7,196,estimated,Increasing,observed
3909,24260,"Petrels, Shearwaters",Pterodroma incerta,Atlantic Petrel,EN,False,False,True,False,False,Full migrant,True,False,True,64,B2ab(v),2.33E7,1800000,estimated,Decreasing,inferred
3908,24180,"Petrels, Shearwaters",Pterodroma mollis,Soft-plumaged Petrel,LC,False,False,True,False,False,Full migrant,True,False,True,0,,8.67E7,Unknown,estimated,Stable,suspected
3906,24240,"Petrels, Shearwaters",Pterodroma madeira,Zino's Petrel,EN,False,False,True,False,False,Full migrant,True,False,True,12,D,3.69E7,160,estimated,Stable,estimated
3905,24270,"Petrels, Shearwaters",Pterodroma lessonii,White-headed Petrel,LC,False,False,True,False,False,Full migrant,True,False,True,0,,9.7E7,Unknown,estimated,Decreasing,suspected
3904,24250,"Petrels, Shearwaters",Pterodroma magentae,Magenta Petrel,CR,False,False,True,False,False,Full migrant,True,False,True,2,A2ce,1850000.0,80-100,estimated,Increasing,estimated
3902,24060,"Petrels, Shearwaters",Pterodroma solandri,Providence Petrel,LC,False,False,True,False,False,Full migrant,True,False,True,40,,3300.0,"66500-100000, 83000",estimated,Stable,inferred
3901,24050,"Petrels, Shearwaters",Pterodroma ultima,Murphy's Petrel,LC,False,False,True,False,False,Full migrant,True,False,True,0,,6.9E7,Unknown,suspected,Unknown,
3900,24120,"Petrels, Shearwaters",Pterodroma baraui,Barau's Petrel,EN,False,False,True,False,False,Full migrant,True,False,True,16,B2ab(v),3.13E7,30000-40000,estimated,Decreasing,suspected
3899,24170,"Petrels, Shearwaters",Pterodroma externa,Juan Fernandez Petrel,VU,False,False,True,False,False,Full migrant,True,False,True,13,D2,4.54E7,Unknown,estimated,Stable,suspected
3898,24070,"Petrels, Shearwaters",Pterodroma neglecta,Kermadec Petrel,LC,False,False,True,False,False,Full migrant,True,False,True,0,,1.28E8,Unknown,estimated,Decreasing,suspected
3897,24150,"Petrels, Shearwaters",Pterodroma phaeopygia,Galapagos Petrel,CR,False,False,True,False,False,Full migrant,True,False,True,220,A2bce,1.68E7,6000-15000,estimated,Decreasing,estimated
3896,24140,"Petrels, Shearwaters",Pterodroma sandwichensis,Hawaiian Petrel,EN,False,False,True,False,False,Full migrant,True,False,True,370,A3bce+4bce,2.2E7,7500-16600,estimated,Decreasing,estimated
3895,24090,"Petrels, Shearwaters",Pterodroma heraldica,Herald Petrel,LC,False,False,True,False,False,Full migrant,True,False,True,0,,9.1E7,Unknown,estimated,Decreasing,suspected
3894,24080,"Petrels, Shearwaters",Pterodroma arminjoniana,Trindade Petrel,VU,False,False,True,False,False,Full migrant,True,False,True,11,D2,1.39E8,2260,suspected,Stable,suspected
3893,24110,"Petrels, Shearwaters",Pterodroma alba,Phoenix Petrel,VU,False,False,True,False,False,Full migrant,True,False,True,460,"A2bce; B2ab(ii,iv,v)",2.88E7,20000-30000,estimated,Decreasing,inferred
3892,23990,"Petrels, Shearwaters",Pterodroma longirostris,Stejneger's Petrel,VU,False,False,True,False,False,Full migrant,True,False,True,13,D2,5.66E7,262000,estimated,Decreasing,suspected
3891,23980,"Petrels, Shearwaters",Pterodroma defilippiana,Masatierra Petrel,VU,False,False,True,False,False,Full migrant,True,False,True,9,D2,1900000.0,5554,estimated,Stable,suspected
3890,23970,"Petrels, Shearwaters",Pterodroma brevipes,Collared Petrel,VU,False,False,True,False,False,Not a migrant,True,False,True,140,C2a(i);D1,3.51E7,670-6700,estimated,Decreasing,inferred
3889,24010,"Petrels, Shearwaters",Pterodroma pycrofti,Pycroft's Petrel,VU,False,False,True,False,False,Full migrant,True,False,True,160,D2,9.89E7,12000-22000,estimated,Increasing,observed
3888,24000,"Petrels, Shearwaters",Pterodroma cookii,Cook's Petrel,VU,False,False,True,False,False,Full migrant,True,False,True,320,A2e; D2,1.39E8,670000,estimated,Increasing,suspected
3887,23960,"Petrels, Shearwaters",Pterodroma leucoptera,White-winged Petrel,VU,False,False,True,False,False,Full migrant,True,False,True,20,"B2ab(ii,v); D2",1.52E8,2000-14000,estimated,Decreasing,suspected
3886,24020,"Petrels, Shearwaters",Pterodroma hypoleuca,Bonin Petrel,LC,False,False,True,False,False,Full migrant,True,False,True,0,,2.66E7,Unknown,estimated,Decreasing,suspected
3885,24130,"Petrels, Shearwaters",Pterodroma inexpectata,Mottled Petrel,NT,False,False,True,False,False,Full migrant,True,False,True,912,B2b(iv); D2,1.75E8,Unknown,estimated,Decreasing,suspected
3884,24160,"Petrels, Shearwaters",Pterodroma cervicalis,White-necked Petrel,VU,False,False,True,False,False,Full migrant,True,False,True,1,D2,7.58E7,100000,unknown,Increasing,suspected
3883,24030,"Petrels, Shearwaters",Pterodroma nigripennis,Black-winged Petrel,LC,False,False,True,False,False,Full migrant,True,False,True,0,,1.76E8,Unknown,estimated,Decreasing,suspected
3882,24040,"Petrels, Shearwaters",Pterodroma axillaris,Chatham Islands Petrel,VU,False,False,True,False,False,Full migrant,True,False,True,2,A2be+4be; D2,4.62E7,1100,estimated,Increasing,estimated
3881,24810,"Petrels, Shearwaters",Pseudobulweria macgillivrayi,Fiji Petrel,CR,False,False,True,False,False,Full migrant,True,False,True,27,"C2a(i,ii);D",165000.0,1-49,estimated,Decreasing,estimated
3880,24840,"Petrels, Shearwaters",Pseudobulweria rostrata,Tahiti Petrel,NT,False,False,True,False,False,Full migrant,True,False,True,0,A2bde+3bde+4bde,6.85E7,10000-19999,estimated,Decreasing,suspected
3879,24830,"Petrels, Shearwaters",Pseudobulweria becki,Beck's Petrel,CR,False,False,True,False,False,Full migrant,True,False,True,0,"C2a(i,ii)",770000.0,50-249,estimated,Decreasing,suspected
3878,24820,"Petrels, Shearwaters",Pseudobulweria aterrima,Mascarene Petrel,CR,False,False,True,False,False,Unknown,True,False,True,9,C2a(ii),77000.0,100-200,estimated,Decreasing,suspected
3877,23940,"Petrels, Shearwaters",Aphrodroma brevirostris,Kerguelen Petrel,LC,False,False,True,False,False,Full migrant,True,True,True,0,,1.0E8,Unknown,estimated,Decreasing,suspected
3876,23840,"Petrels, Shearwaters",Pagodroma nivea,Snow Petrel,LC,False,False,True,False,False,Full migrant,True,False,True,0,,6.69E7,Unknown,estimated,Stable,suspected
3875,23830,"Petrels, Shearwaters",Daption capense,Cape Petrel,LC,False,False,True,False,False,Full migrant,True,False,True,0,,1.88E8,Unknown,estimated,Stable,suspected
3874,23820,"Petrels, Shearwaters",Thalassoica antarctica,Antarctic Petrel,LC,False,False,True,False,False,Full migrant,True,False,True,0,,7.75E7,Unknown,estimated,Stable,suspected
3873,23810,"Petrels, Shearwaters",Fulmarus glacialoides,Southern Fulmar,LC,False,False,True,False,False,Full migrant,True,False,True,0,,1.27E8,Unknown,estimated,Stable,suspected
3872,23800,"Petrels, Shearwaters",Fulmarus glacialis,Northern Fulmar,LC,False,False,True,False,False,Full migrant,True,False,True,0,,9.03E7,7000000,estimated,Increasing,estimated
3871,23780,"Petrels, Shearwaters",Macronectes halli,Northern Giant Petrel,LC,False,False,True,False,False,Full migrant,True,False,True,0,,1.32E8,23600,estimated,Increasing,suspected
3870,23790,"Petrels, Shearwaters",Macronectes giganteus,Southern Giant Petrel,LC,False,False,True,False,False,Full migrant,True,False,True,5900,,1.4E8,95600-108000,estimated,Increasing,estimated
3869,22910,Loons/Divers,Gavia adamsii,Yellow-billed Loon,NT,False,False,True,True,False,Full migrant,True,True,True,0,A2d+3d+4d; C1,1.2E7,11000-21000,estimated,Decreasing,suspected
3868,22900,Loons/Divers,Gavia immer,Common Loon,LC,False,False,True,True,False,Full migrant,True,True,True,0,,2.72E7,Unknown,estimated,Stable,suspected
3867,22890,Loons/Divers,Gavia pacifica,Pacific Loon,LC,False,False,True,True,False,Full migrant,True,True,True,0,,1.57E7,Unknown,estimated,Increasing,estimated
3866,22880,Loons/Divers,Gavia arctica,Arctic Loon,LC,False,False,True,True,False,Full migrant,True,True,True,0,,4.98E7,Unknown,estimated,Decreasing,suspected
3865,22870,Loons/Divers,Gavia stellata,Red-throated Loon,LC,False,False,True,True,False,Full migrant,True,True,True,0,,5.99E7,Unknown,estimated,Decreasing,suspected
3864,23120,Penguins,Spheniscus mendiculus,Galapagos Penguin,EN,False,False,True,False,False,Not a migrant,True,False,True,90,"A2abce; B2ab(iii,v); C2a(ii)",15500.0,1200,estimated,Decreasing,estimated
3863,23100,Penguins,Spheniscus magellanicus,Magellanic Penguin,LC,False,False,True,False,False,Full migrant,True,False,True,0,,2340000.0,2200000-3200000,estimated,Decreasing,suspected
3862,23110,Penguins,Spheniscus humboldti,Humboldt Penguin,VU,False,False,True,False,False,Full migrant,True,False,True,0,A2bcde+3bcde+4bcde,2710000.0,23800,estimated,Decreasing,inferred
3861,23090,Penguins,Spheniscus demersus,African Penguin,CR,False,False,True,False,False,Not a migrant,True,False,True,0,A3bce+4bce,449000.0,19800,estimated,Decreasing,estimated
3860,23080,Penguins,Eudyptula minor,Little Penguin,LC,False,False,True,False,False,Not a migrant,True,False,True,0,,6870000.0,469760,not applicable,Stable,suspected
3859,23070,Penguins,Megadyptes antipodes,Yellow-eyed Penguin,EN,False,False,True,False,False,Not a migrant,True,False,True,0,A2ade+4abde,395000.0,2600-3000,estimated,Decreasing,inferred
3858,22970,Penguins,Eudyptes schlegeli,Royal Penguin,LC,False,False,True,False,False,Not a migrant,True,False,True,130,,160.0,"1340000-1660000, 1500000",estimated,Unknown,not applicable
3857,22980,Penguins,Eudyptes chrysolophus,Macaroni Penguin,VU,False,False,True,False,False,Full migrant,True,False,True,7400,A2bce+3bce+4bce,1.87E7,Unknown,estimated,Decreasing,estimated
3855,23030,Penguins,Eudyptes robustus,Snares Penguin,VU,False,False,True,False,False,Full migrant,True,False,True,1,D2,15.0,63000,estimated,Stable,estimated
3854,23020,Penguins,Eudyptes pachyrhynchus,Fiordland Penguin,NT,False,False,True,False,False,Full migrant,True,False,True,608,A2bce+3bce+4bce; B2b(v),85500.0,12500-50000,estimated,Decreasing,suspected
3852,22960,Penguins,Pygoscelis antarcticus,Chinstrap Penguin,LC,False,False,True,False,False,Full migrant,True,False,True,0,,1.3E7,8000000,suspected,Decreasing,suspected
3851,22950,Penguins,Pygoscelis adeliae,Adelie Penguin,LC,False,False,True,False,False,Full migrant,True,False,True,0,,2.1E7,10000000,estimated,Increasing,estimated
3850,22940,Penguins,Pygoscelis papua,Gentoo Penguin,LC,False,False,True,False,False,Not a migrant,True,False,True,0,,1.65E7,774000,estimated,Stable,suspected
3849,22930,Penguins,Aptenodytes forsteri,Emperor Penguin,NT,False,False,True,False,False,Full migrant,True,False,True,0,A3c,1.16E7,Unknown,estimated,Decreasing,suspected
3848,22920,Penguins,Aptenodytes patagonicus,King Penguin,LC,False,False,True,False,False,Full migrant,True,False,True,0,,9220000.0,Unknown,estimated,Increasing,suspected
3847,26520,Frigatebirds,Fregata andrewsi,Christmas Island Frigatebird,VU,False,False,True,False,False,Full migrant,True,False,True,40,C1+2a(ii),40.0,"2400-5000,3700",estimated,Decreasing,estimated
3846,26500,Frigatebirds,Fregata ariel,Lesser Frigatebird,LC,False,False,True,False,False,Not a migrant,True,False,True,0,,1.67E8,Unknown,suspected,Decreasing,suspected
3845,26510,Frigatebirds,Fregata minor,Great Frigatebird,LC,False,False,True,False,False,Not a migrant,True,False,True,0,,1.26E8,120000,estimated,Decreasing,suspected
3844,26540,Frigatebirds,Fregata aquila,Ascension Frigatebird,VU,False,False,True,False,False,Not a migrant,True,False,True,1,D2,2620000.0,17000-21000,estimated,Stable,suspected
3843,26530,Frigatebirds,Fregata magnificens,Magnificent Frigatebird,LC,False,False,True,False,False,Not a migrant,True,False,True,0,,3.27E7,130000,estimated,Decreasing,suspected
3836,25100,Storks,Ciconia boyciana,Oriental Stork,EN,False,False,False,True,False,Full migrant,True,True,True,0,C2a(ii),941000.0,1000-2499,estimated,Decreasing,suspected
3829,25020,Storks,Anastomus lamelligerus,African Openbill,LC,False,False,False,True,False,Full migrant,True,True,False,0,,2.28E7,Unknown,estimated,Stable,suspected
3816,26470,Pelicans,Pelecanus thagus,Peruvian Pelican,NT,False,False,True,True,False,Full migrant,True,True,True,0,A2cd,1510000.0,Unknown,estimated,Increasing,suspected
3809,26450,Pelicans,Pelecanus onocrotalus,Great White Pelican,LC,False,False,True,True,False,Full migrant,True,True,True,0,,5.12E7,Unknown,estimated,Unknown,not applicable
3808,26400,Shoebill,Balaeniceps rex,Shoebill,VU,False,False,False,True,False,Not a migrant,False,True,False,0,C2a(ii),2360000.0,3300-5300,estimated,Decreasing,suspected
3801,25340,"Ibises, Spoonbills",Nipponia nippon,Asian Crested Ibis,EN,False,False,False,True,False,Not a migrant,True,True,False,0,B1ab(iii),2300.0,330,estimated,Increasing,estimated
3800,25310,"Ibises, Spoonbills",Thaumatibis gigantea,Giant Ibis,CR,False,False,False,True,False,Not a migrant,True,True,False,0,A2cd+3cd+4cd; C2a(i),120000.0,194,estimated,Decreasing,inferred
3799,25300,"Ibises, Spoonbills",Pseudibis davisoni,White-shouldered Ibis,CR,False,False,False,True,False,Not a migrant,True,True,False,0,A3cd+4cd,1010000.0,670,estimated,Decreasing,inferred
3794,25230,"Ibises, Spoonbills",Threskiornis aethiopicus,African Sacred Ibis,LC,False,False,False,True,False,Full migrant,True,True,False,0,,3.28E7,200000-450000,estimated,Stable,suspected
3791,25320,"Ibises, Spoonbills",Geronticus eremita,Northern Bald Ibis,EN,False,False,False,True,False,Full migrant,True,False,False,0,D,203000.0,200-249,estimated,Stable,suspected
3790,25370,"Ibises, Spoonbills",Bostrychia rara,Spot-breasted Ibis,LC,False,False,False,True,False,Not a migrant,True,True,False,0,,4730000.0,Unknown,estimated,Decreasing,inferred
3789,25360,"Ibises, Spoonbills",Bostrychia bocagei,Dwarf Ibis,CR,False,False,False,True,False,Not a migrant,True,False,False,192,C2a(ii),140.0,130-1700,estimated,Decreasing,inferred
3771,6570,Flamingos,Phoeniconaias minor,Lesser Flamingo,NT,False,False,False,True,False,Nomadic,True,True,True,0,A2c+3c+4c,2.77E7,Unknown,estimated,Decreasing,suspected
3770,6550,Flamingos,Phoenicopterus chilensis,Chilean Flamingo,NT,False,False,False,True,False,Full migrant,False,True,True,0,A3cd,7680000.0,Unknown,estimated,Decreasing,suspected
3769,6530,Flamingos,Phoenicopterus roseus,Greater Flamingo,LC,False,False,False,True,False,Full migrant,True,True,True,0,,5.81E7,Unknown,estimated,Increasing,suspected
3753,25560,Herons,Tigriornis leucolopha,White-crested Tiger-heron,LC,False,False,False,True,False,Not a migrant,True,True,False,0,,6130000.0,Unknown,estimated,Decreasing,inferred
3749,25590,Herons,Tigrisoma mexicanum,Bare-throated Tiger-heron,LC,False,False,False,True,False,Not a migrant,True,True,False,0,,3200000.0,Unknown,estimated,Decreasing,inferred
3748,25610,Herons,Cochlearius cochlearius,Boat-billed Heron,LC,False,False,False,True,False,Not a migrant,True,True,False,0,,1.86E7,Unknown,estimated,Decreasing,suspected
3744,25810,Herons,Calherodius leuconotus,White-backed Night Heron,LC,False,False,False,True,False,Full migrant,True,True,False,0,,2.09E7,Unknown,suspected,Decreasing,inferred
3741,25870,Herons,Nyctanassa violacea,Yellow-crowned Night Heron,LC,False,False,False,True,False,Full migrant,True,True,True,0,,3.62E7,Unknown,estimated,Stable,suspected
3731,25940,Herons,Ardeola ralloides,Squacco Heron,LC,False,False,False,True,False,Full migrant,True,True,True,0,,5.43E7,Unknown,estimated,Unknown,suspected
3723,26080,Herons,Ardea insignis,White-bellied Heron,CR,False,False,False,True,False,Not a migrant,True,True,False,0,C2a(i),165000.0,50-249,estimated,Decreasing,inferred
3713,26320,Herons,Egretta sacra,Pacific Reef-egret,LC,False,False,False,True,False,Full migrant,True,False,True,0,,8.88E7,Unknown,estimated,Stable,suspected
3700,27020,Cormorants,Phalacrocorax featherstoni,Pitt Island Shag,EN,False,False,True,True,False,Not a migrant,True,False,True,22,A2bde+3bde+4bde; C1+2a(ii),13400.0,868,estimated,Decreasing,estimated
3699,27010,Cormorants,Phalacrocorax punctatus,Spotted Shag,LC,False,False,True,True,False,Not a migrant,True,False,True,0,,516000.0,Unknown,estimated,Unknown,not applicable
3698,26730,Cormorants,Poikilocarbo gaimardi,Red-legged Cormorant,NT,False,False,True,True,False,Not a migrant,True,False,True,0,A2bde+3bde+4bde,4280000.0,19400-20300,estimated,Decreasing,suspected
3697,26910,Cormorants,Gulosus aristotelis,European Shag,LC,False,False,True,True,False,Full migrant,True,True,True,0,,1.76E7,Unknown,estimated,Decreasing,suspected
3695,26890,Cormorants,Urile urile,Red-faced Cormorant,LC,False,False,True,True,False,Not a migrant,True,False,True,0,,4260000.0,Unknown,estimated,Decreasing,suspected
3694,26740,Cormorants,Leucocarbo magellanicus,Rock Shag,LC,False,False,True,True,False,Full migrant,True,False,True,0,,1310000.0,Unknown,estimated,Unknown,not applicable
3693,26820,Cormorants,Leucocarbo ranfurlyi,Bounty Islands Shag,VU,False,False,True,True,False,Not a migrant,True,False,True,1,D1+2,2100.0,874-975,estimated,Stable,estimated
3692,26830,Cormorants,Leucocarbo colensoi,Auckland Islands Shag,VU,False,False,True,True,False,Not a migrant,True,False,True,17,D2,5900.0,3000,estimated,Stable,suspected
3691,26800,Cormorants,Leucocarbo onslowi,Chatham Islands Shag,CR,False,False,True,True,False,Not a migrant,True,False,True,1,A2bcde+3bcde+4bcde,8600.0,710,estimated,Decreasing,suspected
3690,26790,Cormorants,Leucocarbo chalconotus,Stewart Island Shag,VU,False,False,True,True,False,Not a migrant,True,False,True,45,C2a(i),52900.0,3300-5300,estimated,Decreasing,observed
3689,26780,Cormorants,Leucocarbo carunculatus,Rough-faced Shag,VU,False,False,True,True,False,Not a migrant,True,False,True,56,D1,960.0,250-999,estimated,Stable,estimated
3688,26810,Cormorants,Leucocarbo campbelli,Campbell Island Shag,VU,False,False,True,True,False,Not a migrant,True,False,True,10,D2,1000.0,Unknown,estimated,Stable,suspected
3684,26770,Cormorants,Leucocarbo verrucosus,Kerguelen Islands Shag,LC,False,False,True,True,False,Full migrant,True,False,True,0,,19100.0,Unknown,,Unknown,not applicable
3683,26750,Cormorants,Leucocarbo bougainvilliorum,Guanay Cormorant,NT,False,False,True,True,False,Not a migrant,True,False,True,0,A2cd+3cd+4cd,2820000.0,Unknown,estimated,Decreasing,suspected
3682,26940,Cormorants,Phalacrocorax capensis,Cape Cormorant,EN,False,False,True,True,False,Not a migrant,True,False,True,0,A2bc+3bc+4bc,1060000.0,234000,estimated,Decreasing,estimated
3681,26950,Cormorants,Phalacrocorax nigrogularis,Socotra Cormorant,VU,False,False,True,True,False,Full migrant,True,False,True,50,"A2bce+3ce+4bce; B2ab(i,ii,iii,iv,v)",1650000.0,220000,estimated,Decreasing,inferred
3680,26930,Cormorants,Phalacrocorax capillatus,Japanese Cormorant,LC,False,False,True,True,False,Full migrant,True,False,True,0,,1900000.0,Unknown,estimated,Unknown,not applicable
3679,26920,Cormorants,Phalacrocorax carbo,Great Cormorant,LC,False,False,True,True,False,Full migrant,True,True,True,0,,3.23E8,Unknown,estimated,Increasing,suspected
3676,26970,Cormorants,Phalacrocorax fuscicollis,Indian Cormorant,LC,False,False,False,True,False,Not a migrant,True,True,True,0,,8320000.0,Unknown,estimated,Unknown,not applicable
3675,26840,Cormorants,Nannopterum auritum,Double-crested Cormorant,LC,False,False,True,True,False,Full migrant,True,True,True,0,,2.81E7,Unknown,estimated,Increasing,suspected
3674,26850,Cormorants,Nannopterum brasilianum,Neotropical Cormorant,LC,False,False,True,True,False,Not a migrant,True,True,True,0,,3.97E7,Unknown,estimated,Increasing,suspected
3673,26990,Cormorants,Phalacrocorax fuscescens,Black-faced Cormorant,LC,False,False,True,True,False,Not a migrant,True,True,True,0,,1730000.0,Unknown,estimated,Unknown,not applicable
3672,26960,Cormorants,Phalacrocorax neglectus,Bank Cormorant,EN,False,False,True,True,False,Not a migrant,True,False,True,9300,A2ace+3ce+4ace,402000.0,5000,estimated,Decreasing,estimated
3671,26860,Cormorants,Nannopterum harrisi,Flightless Cormorant,VU,False,False,True,True,False,Not a migrant,True,False,True,50,D2,5900.0,Unknown,estimated,Stable,estimated
3670,26870,Cormorants,Urile penicillatus,Brandt's Cormorant,LC,False,False,True,True,False,Full migrant,True,False,True,0,,1650000.0,Unknown,estimated,Decreasing,suspected
3668,26720,Cormorants,Microcarbo melanoleucos,Little Pied Cormorant,LC,False,False,True,True,False,Not a migrant,True,True,True,0,,2.57E7,Unknown,estimated,Unknown,not applicable
3665,26680,Cormorants,Microcarbo coronatus,Crowned Cormorant,LC,False,False,True,True,False,Not a migrant,True,False,True,0,,209000.0,4324,estimated,Stable,suspected
3659,26600,"Gannets, Boobies",Sula leucogaster,Brown Booby,LC,False,False,True,False,False,Not a migrant,True,False,True,0,,2.23E8,Unknown,estimated,Decreasing,suspected
3658,26590,"Gannets, Boobies",Sula sula,Red-footed Booby,LC,False,False,True,False,False,Full migrant,True,False,True,0,,1.85E8,1400000,estimated,Decreasing,suspected
3656,26620,"Gannets, Boobies",Sula variegata,Peruvian Booby,LC,False,False,True,False,False,Not a migrant,True,False,True,0,,1800000.0,Unknown,estimated,Stable,suspected
3655,26610,"Gannets, Boobies",Sula nebouxii,Blue-footed Booby,LC,False,False,True,False,False,Not a migrant,True,False,True,0,,8700000.0,90000,estimated,Decreasing,suspected
3654,26580,"Gannets, Boobies",Morus serrator,Australasian Gannet,LC,False,False,True,False,False,Not a migrant,True,False,True,0,,5390000.0,Unknown,estimated,Increasing,suspected
3653,26570,"Gannets, Boobies",Morus capensis,Cape Gannet,EN,False,False,True,False,False,Not a migrant,True,False,True,440,A2acde+3cde+4acde,326000.0,246000,estimated,Decreasing,estimated
3652,26560,"Gannets, Boobies",Morus bassanus,Northern Gannet,LC,False,False,True,False,False,Full migrant,True,False,True,0,,4.17E7,1500000-1800000,estimated,Increasing,estimated
3651,26550,"Gannets, Boobies",Papasula abbotti,Abbott's Booby,EN,False,False,True,False,False,Full migrant,True,False,True,92,"B2ab(ii,iii)",688000.0,6000,estimated,Stable,estimated
3650,6620,Tropicbirds,Phaethon lepturus,White-tailed Tropicbird,LC,False,False,True,False,False,Full migrant,True,False,True,0,,1.61E8,400000,estimated,Decreasing,suspected
3649,6610,Tropicbirds,Phaethon rubricauda,Red-tailed Tropicbird,LC,False,False,True,False,False,Full migrant,True,False,True,0,,9.51E7,70000,estimated,Decreasing,suspected
3648,6600,Tropicbirds,Phaethon aethereus,Red-billed Tropicbird,LC,False,False,True,False,False,Not a migrant,True,False,True,0,,1.36E8,16000 - 30000,suspected,Decreasing,suspected
3645,6490,Grebes,Podiceps gallardoi,Hooded Grebe,CR,False,False,False,True,False,Full migrant,False,True,True,0,A2abce+4ace,47300.0,650-800,estimated,Stable,observed
3641,6440,Grebes,Podiceps nigricollis,Black-necked Grebe,LC,False,False,True,True,False,Full migrant,True,True,True,0,,1.46E8,Unknown,estimated,Unknown,not applicable
3640,6430,Grebes,Podiceps auritus,Horned Grebe,VU,False,False,True,True,False,Full migrant,True,True,True,0,A2abce+3bce+4abce,5.29E7,Unknown,estimated,Decreasing,suspected
3639,6420,Grebes,Podiceps cristatus,Great Crested Grebe,LC,False,False,True,True,False,Full migrant,True,True,True,0,,1.83E8,609999-997000,estimated,Unknown,not applicable
3638,6410,Grebes,Podiceps grisegena,Red-necked Grebe,LC,False,False,True,True,False,Full migrant,True,True,True,0,,5.03E7,Unknown,estimated,Decreasing,suspected
3631,6300,Grebes,Tachybaptus pelzelnii,Madagascar Grebe,EN,False,False,False,True,False,Not a migrant,False,True,True,0,C2a(ii),689000.0,1000-2499,estimated,Decreasing,inferred
3323,31290,Auks,Fratercula cirrhata,Tufted Puffin,LC,False,False,True,False,False,Full migrant,True,False,True,0,,1.7E7,2300000,estimated,Stable,suspected
3322,31310,Auks,Fratercula corniculata,Horned Puffin,LC,False,False,True,False,False,Not a migrant,True,False,True,0,,1.09E7,800000,estimated,Decreasing,suspected
3321,31300,Auks,Fratercula arctica,Atlantic Puffin,VU,False,False,True,False,False,Full migrant,True,False,True,0,A4abcde,2.08E7,12000000-14000000,estimated,Decreasing,suspected
3320,31280,Auks,Cerorhinca monocerata,Rhinoceros Auklet,LC,False,False,True,False,False,Not a migrant,True,False,True,0,,1.84E7,Unknown,estimated,Decreasing,suspected
3319,31340,Auks,Aethia pusilla,Least Auklet,LC,False,False,True,False,False,Not a migrant,True,False,True,0,,4510000.0,20000000,estimated,Decreasing,suspected
3318,31350,Auks,Aethia pygmaea,Whiskered Auklet,LC,False,False,True,False,False,Not a migrant,True,False,True,0,,3600000.0,67000,estimated,Decreasing,suspected
3316,31330,Auks,Aethia psittacula,Parakeet Auklet,LC,False,False,True,False,False,Not a migrant,True,False,True,0,,6210000.0,1400000,estimated,Decreasing,suspected
3315,31320,Auks,Ptychoramphus aleuticus,Cassin's Auklet,NT,False,False,True,False,False,Not a migrant,True,False,True,0,A2abce+3bce+4abce,8620000.0,3600000,estimated,Decreasing,estimated
3314,31450,Auks,Synthliboramphus wumizusume,Japanese Murrelet,VU,False,False,True,False,False,Not a migrant,True,False,True,110,C2a(ii),1310000.0,5200-9400,estimated,Decreasing,suspected
3313,31440,Auks,Synthliboramphus antiquus,Ancient Murrelet,LC,False,False,True,False,False,Not a migrant,True,False,True,0,,1.53E7,Unknown,estimated,Decreasing,estimated
3312,31480,Auks,Synthliboramphus craveri,Craveri's Murrelet,VU,False,False,True,False,False,Not a migrant,True,False,True,1700,C2a(ii),549000.0,8000,estimated,Decreasing,inferred
3310,31390,Auks,Brachyramphus brevirostris,Kittlitz's Murrelet,NT,False,False,True,False,False,Not a migrant,True,False,True,0,A4ace,5940000.0,32000-55000,estimated,Decreasing,estimated
3309,31380,Auks,Brachyramphus marmoratus,Marbled Murrelet,EN,False,False,True,False,False,Not a migrant,True,True,True,0,A2bce+3bce+4bce,4790000.0,240000-280000,estimated,Decreasing,estimated
3308,31430,Auks,Cepphus carbo,Spectacled Guillemot,LC,False,False,True,False,False,Full migrant,True,False,True,0,,4160000.0,Unknown,estimated,Decreasing,suspected
3307,31420,Auks,Cepphus columba,Pigeon Guillemot,LC,False,False,True,False,False,Full migrant,True,False,True,0,,1.54E7,Unknown,estimated,Stable,estimated
3306,31410,Auks,Cepphus grylle,Black Guillemot,LC,False,False,True,False,False,Full migrant,True,False,True,0,,4.41E7,400000-1499999,estimated,Unknown,estimated
3304,31500,Auks,Alca torda,Razorbill,LC,False,False,True,False,False,Full migrant,True,False,True,0,,1.95E7,838000-1660000,estimated,Increasing,estimated
3303,31530,Auks,Uria lomvia,Thick-billed Murre,LC,False,False,True,False,False,Full migrant,True,False,True,0,,4.8E7,Unknown,estimated,Increasing,estimated
3302,31540,Auks,Uria aalge,Common Murre,LC,False,False,True,False,False,Full migrant,True,False,True,0,,8.07E7,Unknown,estimated,Increasing,estimated
3301,31520,Auks,Alle alle,Little Auk,LC,False,False,True,False,False,Full migrant,True,False,True,0,,8990000.0,Unknown,estimated,Decreasing,suspected
3300,30930,"Gulls, Terns, Skimmers",Larosterna inca,Inca Tern,NT,False,False,True,True,False,Full migrant,True,False,True,0,A2cde+3cde+4cde,1650000.0,Unknown,unknown,Decreasing,suspected
3299,30050,"Gulls, Terns, Skimmers",Gygis microrhyncha,Little White Tern,LC,False,False,True,True,False,Not a migrant,True,False,True,0,,2850000.0,Unknown,not applicable,Stable,suspected
3296,29970,"Gulls, Terns, Skimmers",Anous tenuirostris,Lesser Noddy,LC,False,False,True,True,False,Not a migrant,True,False,True,0,,1.95E7,Unknown,estimated,Stable,suspected
3295,29980,"Gulls, Terns, Skimmers",Anous minutus,Black Noddy,LC,False,False,True,True,False,Not a migrant,True,False,True,0,,1.64E8,1300000,estimated,Decreasing,suspected
3294,29960,"Gulls, Terns, Skimmers",Anous stolidus,Brown Noddy,LC,False,False,True,True,False,Not a migrant,True,False,True,0,,2.15E8,800000-14000000,estimated,Stable,suspected
3292,30970,"Gulls, Terns, Skimmers",Chlidonias niger,Black Tern,LC,False,False,True,True,False,Full migrant,True,True,True,0,,4.14E7,Unknown,estimated,Decreasing,estimated
3288,30790,"Gulls, Terns, Skimmers",Onychoprion fuscatus,Sooty Tern,LC,False,False,True,True,False,Full migrant,True,False,True,0,,1.95E8,23000000,estimated,Unknown,not applicable
3287,30800,"Gulls, Terns, Skimmers",Onychoprion anaethetus,Bridled Tern,LC,False,False,True,True,False,Full migrant,True,False,True,0,,2.07E8,400000-1000000,estimated,Unknown,not applicable
3286,30810,"Gulls, Terns, Skimmers",Onychoprion lunatus,Grey-backed Tern,LC,False,False,True,True,False,Not a migrant,True,False,True,0,,2.91E7,Unknown,estimated,Decreasing,suspected
3285,30780,"Gulls, Terns, Skimmers",Onychoprion aleuticus,Aleutian Tern,VU,False,False,True,True,False,Full migrant,True,True,True,0,A2bcde+3bcde+4cde,6660000.0,31000,estimated,Decreasing,inferred
3283,31040,"Gulls, Terns, Skimmers",Sterna repressa,White-cheeked Tern,LC,False,False,True,True,False,Full migrant,True,False,True,0,,8740000.0,400000,estimated,Decreasing,suspected
3282,30880,"Gulls, Terns, Skimmers",Sternula balaenarum,Damara Tern,LC,False,False,True,True,False,Full migrant,True,False,True,0,,1350000.0,2200-5700,estimated,Decreasing,suspected
3281,30870,"Gulls, Terns, Skimmers",Sternula nereis,Fairy Tern,VU,False,False,True,True,False,Not a migrant,True,False,True,0,C1,1.2E7,2500-9999,estimated,Decreasing,estimated
3280,30860,"Gulls, Terns, Skimmers",Sternula lorata,Peruvian Tern,EN,False,False,True,True,False,Not a migrant,True,False,True,21,C2a(i),67600.0,600-1700,estimated,Decreasing,suspected
3278,30840,"Gulls, Terns, Skimmers",Sternula antillarum,Least Tern,LC,False,False,True,True,False,Full migrant,True,False,True,0,,1.82E7,Unknown,estimated,Decreasing,suspected
3277,30830,"Gulls, Terns, Skimmers",Sternula saundersi,Saunders's Tern,LC,False,False,True,True,False,Full migrant,True,False,True,0,,1.17E7,Unknown,estimated,Decreasing,suspected
3276,30820,"Gulls, Terns, Skimmers",Sternula albifrons,Little Tern,LC,False,False,True,True,False,Full migrant,True,True,True,0,,2.04E8,Unknown,estimated,Decreasing,suspected
3275,31090,"Gulls, Terns, Skimmers",Sterna trudeaui,Snowy-crowned Tern,LC,False,False,True,True,False,Full migrant,True,True,True,0,,2770000.0,670-6700,estimated,Stable,suspected
3274,31080,"Gulls, Terns, Skimmers",Sterna forsteri,Forster's Tern,LC,False,False,True,True,False,Full migrant,True,True,True,0,,8980000.0,Unknown,estimated,Increasing,estimated
3273,31070,"Gulls, Terns, Skimmers",Sterna virgata,Kerguelen Tern,NT,False,False,True,True,False,Not a migrant,True,True,True,7700,D1,398000.0,2300-4300,estimated,Stable,suspected
3272,31060,"Gulls, Terns, Skimmers",Sterna vittata,Antarctic Tern,LC,False,False,True,True,False,Full migrant,True,False,True,0,,3.95E7,Unknown,estimated,Unknown,
3271,31050,"Gulls, Terns, Skimmers",Sterna paradisaea,Arctic Tern,LC,False,False,True,True,False,Full migrant,True,True,True,0,,6.48E7,Unknown,estimated,Decreasing,suspected
3270,31030,"Gulls, Terns, Skimmers",Sterna hirundo,Common Tern,LC,False,False,True,True,False,Full migrant,True,True,True,0,,1.12E8,Unknown,estimated,Unknown,suspected
3269,31020,"Gulls, Terns, Skimmers",Sterna hirundinacea,South American Tern,LC,False,False,True,True,False,Full migrant,True,False,True,0,,1.06E7,Unknown,estimated,Decreasing,suspected
3268,31010,"Gulls, Terns, Skimmers",Sterna sumatrana,Black-naped Tern,LC,False,False,True,True,False,Full migrant,True,False,True,0,,6.18E7,Unknown,not applicable,Unknown,not applicable
3267,31000,"Gulls, Terns, Skimmers",Sterna striata,White-fronted Tern,NT,False,False,True,True,False,Full migrant,True,True,True,0,A2ce+3ce+4ce,3060000.0,6120-25120,estimated,Decreasing,suspected
3266,30990,"Gulls, Terns, Skimmers",Sterna dougallii,Roseate Tern,LC,False,False,True,True,False,Full migrant,True,False,True,0,,1.84E8,Unknown,estimated,Unknown,not applicable
3265,31150,"Gulls, Terns, Skimmers",Thalasseus sandvicensis,Sandwich Tern,LC,False,False,True,True,False,Full migrant,True,False,True,0,,9.88E7,325000-430000,estimated,Stable,suspected
3264,31130,"Gulls, Terns, Skimmers",Thalasseus bernsteini,Chinese Crested Tern,CR,False,False,True,True,False,Full migrant,True,False,True,60,"C2a(i,ii); D",114000.0,30-49,estimated,Decreasing,suspected
3263,31170,"Gulls, Terns, Skimmers",Thalasseus bergii,Greater Crested Tern,LC,False,False,True,True,False,Full migrant,True,False,True,0,,1.42E8,Unknown,estimated,Stable,suspected
3262,31120,"Gulls, Terns, Skimmers",Thalasseus bengalensis,Lesser Crested Tern,LC,False,False,True,True,False,Full migrant,True,False,True,0,,4.15E7,Unknown,estimated,Stable,suspected
3261,31140,"Gulls, Terns, Skimmers",Thalasseus elegans,Elegant Tern,NT,False,False,True,True,False,Full migrant,True,False,True,1300,D2,240000.0,Unknown,estimated,Stable,suspected
3260,31160,"Gulls, Terns, Skimmers",Thalasseus maximus,Royal Tern,LC,False,False,True,True,False,Full migrant,True,False,True,0,,7.38E7,Unknown,estimated,Stable,suspected
3258,30920,"Gulls, Terns, Skimmers",Hydroprogne caspia,Caspian Tern,LC,False,False,True,True,False,Full migrant,True,True,True,0,,2.26E8,Unknown,estimated,Increasing,suspected
3256,30160,"Gulls, Terns, Skimmers",Rissa brevirostris,Red-legged Kittiwake,VU,False,False,True,True,False,Full migrant,True,False,True,1740,A4ac,1320000.0,100000-499999,estimated,Decreasing,suspected
3255,30170,"Gulls, Terns, Skimmers",Rissa tridactyla,Black-legged Kittiwake,VU,False,False,True,True,False,Full migrant,True,False,True,0,A2abd+3bd+4abd,6.41E7,Unknown,estimated,Decreasing,estimated
3254,30130,"Gulls, Terns, Skimmers",Creagrus furcatus,Swallow-tailed Gull,LC,False,False,True,True,False,Full migrant,True,False,True,0,,364000.0,Unknown,estimated,Unknown,not applicable
3253,30140,"Gulls, Terns, Skimmers",Xema sabini,Sabine's Gull,LC,False,False,True,True,False,Full migrant,True,True,True,0,,9270000.0,340000,estimated,Stable,suspected
3252,30120,"Gulls, Terns, Skimmers",Rhodostethia rosea,Ross's Gull,LC,False,False,True,True,False,Full migrant,True,True,True,0,,1.42E7,15000-70000,estimated,Unknown,not applicable
3251,30150,"Gulls, Terns, Skimmers",Pagophila eburnea,Ivory Gull,NT,False,False,True,True,False,Full migrant,True,False,True,0,A2bcd+3bcd+4bcd,4.01E7,38000-52000,estimated,Decreasing,suspected
3250,30110,"Gulls, Terns, Skimmers",Hydrocoloeus minutus,Little Gull,LC,False,False,True,True,False,Full migrant,True,True,True,0,,3.4E7,Unknown,estimated,Increasing,suspected
3249,30300,"Gulls, Terns, Skimmers",Larus pipixcan,Franklin's Gull,LC,False,False,True,True,False,Full migrant,True,True,True,0,,2910000.0,Unknown,estimated,Increasing,estimated
3248,30310,"Gulls, Terns, Skimmers",Larus atricilla,Laughing Gull,LC,False,False,True,True,False,Full migrant,True,True,True,0,,1.7E7,Unknown,estimated,Increasing,estimated
3247,30320,"Gulls, Terns, Skimmers",Larus fuliginosus,Lava Gull,VU,False,False,True,True,False,Not a migrant,True,False,True,0,D1,40300.0,600-800,estimated,Stable,observed
3245,30350,"Gulls, Terns, Skimmers",Larus melanocephalus,Mediterranean Gull,LC,False,False,True,True,False,Full migrant,True,True,True,0,,7780000.0,236000-656000,estimated,Decreasing,suspected
3243,30100,"Gulls, Terns, Skimmers",Saundersilarus saundersi,Saunders's Gull,VU,False,False,True,True,False,Full migrant,True,False,True,0,A3cde+4cde,531000.0,14400,estimated,Decreasing,suspected
3242,30180,"Gulls, Terns, Skimmers",Larus philadelphia,Bonaparte's Gull,LC,False,False,True,True,False,Full migrant,True,True,True,0,,6350000.0,Unknown,estimated,Increasing,estimated
3241,30190,"Gulls, Terns, Skimmers",Larus genei,Slender-billed Gull,LC,False,False,True,True,False,Full migrant,True,True,True,0,,2.26E7,180000-230000,estimated,Unknown,not applicable
3240,30210,"Gulls, Terns, Skimmers",Larus ridibundus,Black-headed Gull,LC,False,False,True,True,False,Full migrant,True,True,True,0,,4.45E7,Unknown,estimated,Unknown,
3235,30240,"Gulls, Terns, Skimmers",Larus hartlaubii,Hartlaub's Gull,LC,False,False,True,True,False,Not a migrant,True,False,True,0,,225000.0,Unknown,estimated,Increasing,suspected
3239,30230,"Gulls, Terns, Skimmers",Larus maculipennis,Brown-hooded Gull,LC,False,False,True,True,False,Full migrant,True,True,True,0,,4530000.0,Unknown,estimated,Increasing,suspected
3234,30250,"Gulls, Terns, Skimmers",Larus cirrocephalus,Grey-headed Gull,LC,False,False,True,True,False,Full migrant,True,True,True,0,,7.2E7,Unknown,estimated,Stable,suspected
3233,30200,"Gulls, Terns, Skimmers",Larus brunnicephalus,Brown-headed Gull,LC,False,False,True,True,False,Full migrant,True,True,True,0,,851000.0,Unknown,estimated,Stable,suspected
3232,30330,"Gulls, Terns, Skimmers",Larus ichthyaetus,Pallas's Gull,LC,False,False,True,True,False,Full migrant,True,True,True,0,,4450000.0,Unknown,estimated,Increasing,suspected
3231,30500,"Gulls, Terns, Skimmers",Larus fuscus,Lesser Black-backed Gull,LC,False,False,True,True,False,Full migrant,True,True,True,0,,1.94E7,Unknown,estimated,Increasing,suspected
3229,30570,"Gulls, Terns, Skimmers",Larus schistisagus,Slaty-backed Gull,LC,False,False,True,True,False,Full migrant,True,False,True,0,,5080000.0,Unknown,estimated,Unknown,not applicable
3225,30590,"Gulls, Terns, Skimmers",Larus hyperboreus,Glaucous Gull,LC,False,False,True,True,False,Full migrant,True,False,True,0,,2.56E7,Unknown,estimated,Stable,suspected
3224,30460,"Gulls, Terns, Skimmers",Larus livens,Yellow-footed Gull,LC,False,False,True,True,False,Not a migrant,True,False,True,0,,128000.0,40000,estimated,Unknown,not applicable
3223,30470,"Gulls, Terns, Skimmers",Larus occidentalis,Western Gull,LC,False,False,True,True,False,Full migrant,True,False,True,0,,656000.0,Unknown,estimated,Increasing,suspected
3222,30580,"Gulls, Terns, Skimmers",Larus glaucescens,Glaucous-winged Gull,LC,False,False,True,True,False,Full migrant,True,True,True,0,,8370000.0,Unknown,estimated,Increasing,suspected
3221,30490,"Gulls, Terns, Skimmers",Larus dominicanus,Kelp Gull,LC,False,False,True,True,False,Not a migrant,True,True,True,0,,1.63E8,Unknown,estimated,Increasing,suspected
3220,30600,"Gulls, Terns, Skimmers",Larus marinus,Great Black-backed Gull,LC,False,False,True,True,False,Full migrant,True,False,True,0,,3.35E7,Unknown,estimated,Unknown,suspected
3219,30480,"Gulls, Terns, Skimmers",Larus californicus,California Gull,LC,False,False,True,True,False,Full migrant,True,True,True,0,,3470000.0,Unknown,estimated,Decreasing,estimated
3218,30440,"Gulls, Terns, Skimmers",Larus delawarensis,Ring-billed Gull,LC,False,False,True,True,False,Full migrant,True,True,True,0,,8890000.0,Unknown,estimated,Increasing,estimated
3217,30380,"Gulls, Terns, Skimmers",Larus audouinii,Audouin's Gull,VU,False,False,True,True,False,Full migrant,True,False,True,0,A4b,2200000.0,Unknown,estimated,Decreasing,estimated
3216,30450,"Gulls, Terns, Skimmers",Larus canus,Mew Gull,LC,False,False,True,True,False,Full migrant,True,True,True,0,,7.53E7,Unknown,estimated,Unknown,not applicable
3215,30360,"Gulls, Terns, Skimmers",Larus hemprichii,Sooty Gull,LC,False,False,True,True,False,Full migrant,True,False,True,0,,7050000.0,Unknown,estimated,Decreasing,suspected
3214,30370,"Gulls, Terns, Skimmers",Larus leucophthalmus,White-eyed Gull,LC,False,False,True,True,False,Not a migrant,True,False,True,1400,,403000.0,35800-37800,estimated,Stable,suspected
3213,30390,"Gulls, Terns, Skimmers",Larus heermanni,Heermann's Gull,NT,False,False,True,True,False,Full migrant,True,False,True,43,D2,1100000.0,350000 ,estimated,Unknown,not applicable
3212,30280,"Gulls, Terns, Skimmers",Larus modestus,Grey Gull,LC,False,False,True,True,False,Full migrant,True,False,True,0,,106000.0,Unknown,estimated,Decreasing,suspected
3211,30410,"Gulls, Terns, Skimmers",Larus crassirostris,Black-tailed Gull,LC,False,False,True,True,False,Full migrant,True,False,True,0,,4910000.0,Unknown,estimated,Stable,suspected
3210,30430,"Gulls, Terns, Skimmers",Larus atlanticus,Olrog's Gull,NT,False,False,True,True,False,Full migrant,True,False,True,0,B2b(iii),209000.0,9800-15600,estimated,Stable,suspected
3209,30420,"Gulls, Terns, Skimmers",Larus belcheri,Belcher's Gull,LC,False,False,True,True,False,Not a migrant,True,False,True,0,,1090000.0,Unknown,estimated,Increasing,suspected
3208,30400,"Gulls, Terns, Skimmers",Larus pacificus,Pacific Gull,LC,False,False,True,True,False,Not a migrant,True,False,True,0,,4430000.0,Unknown,estimated,Stable,suspected
3207,30290,"Gulls, Terns, Skimmers",Larus scoresbii,Dolphin Gull,LC,False,False,True,True,False,Full migrant,True,False,True,0,,1600000.0,6700-19000,estimated,Stable,suspected
3202,31180,Skuas,Stercorarius longicaudus,Long-tailed Jaeger,LC,False,False,True,False,False,Full migrant,True,False,True,0,,3.48E7,250000-749999,estimated,Stable,suspected
3201,31190,Skuas,Stercorarius parasiticus,Arctic Jaeger,LC,False,False,True,False,False,Full migrant,True,False,True,0,,1.48E8,400000-599999,estimated,Stable,suspected
3200,31200,Skuas,Stercorarius pomarinus,Pomarine Jaeger,LC,False,False,True,False,False,Full migrant,True,True,True,0,,9.52E7,400000,estimated,Stable,suspected
3199,31220,Skuas,Catharacta maccormicki,South Polar Skua,LC,False,False,True,False,False,Full migrant,True,False,True,0,,1.36E7,6000-15000,estimated,Stable,suspected
3198,31240,Skuas,Catharacta chilensis,Chilean Skua,LC,False,False,True,False,False,Not a migrant,True,False,True,0,,1140000.0,2500-9999,estimated,Stable,suspected
3195,31210,Skuas,Catharacta skua,Great Skua,LC,False,False,True,False,False,Full migrant,True,False,True,0,,4300000.0,30000-34999,estimated,Stable,suspected
3172,28260,Plovers,Vanellus gregarius,Sociable Lapwing,CR,False,False,False,True,False,Full migrant,True,False,False,0,A3bcd+4bcd,1670000.0,11200,estimated,Decreasing,estimated
3149,28330,Plovers,Anarhynchus frontalis,Wrybill,VU,False,False,False,True,False,Full migrant,False,True,True,0,C2a(i),23000.0,3000-3300,estimated,Decreasing,estimated
3142,27960,Plovers,Charadrius montanus,Mountain Plover,NT,False,False,False,True,False,Full migrant,True,False,False,0,A2abcd+3bcd+4abcd,1580000.0,20000,estimated,Decreasing,estimated
3140,27940,Plovers,Charadrius asiaticus,Caspian Plover,LC,False,False,False,True,False,Full migrant,True,True,True,0,,3120000.0,Unknown,estimated,Decreasing,suspected
3127,27720,Plovers,Charadrius melodus,Piping Plover,NT,False,False,False,True,False,Full migrant,False,True,True,0,A3ce,6090000.0,7600-8400,estimated,Increasing,suspected
3069,28470,Jacanas,Actophilornis albinucha,Madagascar Jacana,EN,False,False,False,True,False,Not a migrant,True,True,False,0,C2a(ii),415000.0,780-1643,estimated,Decreasing,inferred
3065,29380,"Sandpipers, Snipes, Phalaropes",Phalaropus fulicarius,Red Phalarope,LC,False,False,True,True,False,Full migrant,True,True,True,0,,2.08E7,9000000-12000000,estimated,Unknown,suspected
3064,29370,"Sandpipers, Snipes, Phalaropes",Phalaropus lobatus,Red-necked Phalarope,LC,False,False,True,True,False,Full migrant,True,True,True,0,,3.95E7,Unknown,estimated,Decreasing,suspected
3060,28760,"Sandpipers, Snipes, Phalaropes",Calidris pygmaea,Spoon-billed Sandpiper,CR,False,False,False,True,False,Full migrant,True,True,True,0,A2abcd; C1+2a(ii),355000.0,"240-620,490",estimated,Decreasing,estimated
3055,28800,"Sandpipers, Snipes, Phalaropes",Calidris ptilocnemis,Rock Sandpiper,LC,False,False,False,True,False,Full migrant,True,True,True,0,,4120000.0,140000,estimated,Decreasing,suspected
3054,28810,"Sandpipers, Snipes, Phalaropes",Calidris maritima,Purple Sandpiper,LC,False,False,False,True,False,Full migrant,True,True,True,0,,1.36E7,136000-191000,estimated,Decreasing,estimated
3041,28670,"Sandpipers, Snipes, Phalaropes",Calidris canutus,Red Knot,NT,False,False,False,True,False,Full migrant,True,True,True,0,A2bcd+4bcd,1.78E7,2000000-3000000,estimated,Decreasing,estimated
3023,29430,"Sandpipers, Snipes, Phalaropes",Tringa solitaria,Solitary Sandpiper,LC,False,False,False,True,False,Full migrant,True,True,False,0,,9900000.0,190000,estimated,Unknown,not applicable
3011,28560,"Sandpipers, Snipes, Phalaropes",Numenius tenuirostris,Slender-billed Curlew,CR,False,False,False,True,False,Full migrant,True,True,True,0,"C2a(i,ii);D",303000.0,1-49,estimated,Decreasing,suspected
3008,28550,"Sandpipers, Snipes, Phalaropes",Numenius borealis,Eskimo Curlew,CR,True,False,False,True,False,Full migrant,True,False,False,0,D,0.0,0-49,estimated,Unknown,not applicable
2942,21940,"Rails, Gallinules, Coots",Tribonyx mortierii,Tasmanian Native-hen,LC,False,False,False,True,False,Not a migrant,True,True,False,0,,73500.0,Unknown,not applicable,Unknown,not applicable
2894,21550,"Rails, Gallinules, Coots",Amaurornis isabellina,Isabelline Bush-hen,LC,False,False,False,True,False,Not a migrant,True,True,False,0,,310000.0,Unknown,not applicable,Unknown,not applicable
2854,20960,"Rails, Gallinules, Coots",Hypotaenidia insignis,New Britain Rail,NT,False,False,False,True,False,Not a migrant,True,False,False,0,C1,64300.0,1500-7000,estimated,Decreasing,suspected
2853,20950,"Rails, Gallinules, Coots",Hypotaenidia torquata,Barred Rail,LC,False,False,False,True,False,Not a migrant,True,True,True,0,,2660000.0,Unknown,not applicable,Unknown,not applicable
2848,20850,"Rails, Gallinules, Coots",Gallirallus australis,Weka,VU,False,False,False,True,False,Not a migrant,True,True,True,0,A3bce+4bce,548000.0,71000-118000,estimated,Decreasing,estimated
2837,20450,"Rails, Gallinules, Coots",Laterallus levraudi,Rusty-flanked Crake,VU,False,False,False,True,False,Not a migrant,True,True,False,0,C2a(i),124000.0,1000-2499,estimated,Decreasing,inferred
2816,20240,"Rails, Gallinules, Coots",Sarothrura ayresi,White-winged Flufftail,CR,False,False,False,True,False,Nomadic,True,False,False,0,C2a(i),200000.0,50-249,estimated,Decreasing,inferred
2793,22210,Cranes,Bugeranus carunculatus,Wattled Crane,VU,False,False,False,True,False,Not a migrant,True,True,False,0,A2acde+3cde+4acde,7270000.0,6000-6300,estimated,Decreasing,estimated
2792,22220,Cranes,Anthropoides paradiseus,Blue Crane,VU,False,False,False,True,False,Not a migrant,True,True,False,0,A3cde+4cde,1890000.0,17000-30000,suspected,Decreasing,suspected
2791,22230,Cranes,Anthropoides virgo,Demoiselle Crane,LC,False,False,False,True,False,Full migrant,True,True,False,0,,1.24E7,Unknown,estimated,Increasing,suspected
2789,22250,Cranes,Grus vipio,White-naped Crane,VU,False,False,False,True,False,Full migrant,True,True,True,0,A2bcde+3bcde+4bcde,1400000.0,3700-4500,estimated,Decreasing,suspected
2786,22200,Cranes,Leucogeranus leucogeranus,Siberian Crane,CR,False,False,False,True,False,Full migrant,True,True,False,0,A3bcd,2290000.0,Unknown,estimated,Decreasing,suspected
9819,6080,"Ducks, Geese, Swans",Anas nesiotis,Campbell Teal,VU,False,False,False,True,False,Not a migrant,True,True,False,10,D2,7300.0,Unknown,not applicable,Stable,inferred
9857,5320,"Ducks, Geese, Swans",Sarkidiornis sylvicola,Comb Duck,LC,False,False,False,True,False,Full migrant,True,True,False,0,,1.63E7,16700-66700,estimated,Decreasing,suspected
30002,6060,"Ducks, Geese, Swans",Anas chlorotis,Brown Teal,NT,False,False,False,True,False,Not a migrant,True,True,True,0,D1,301000.0,1600-2200,estimated,Increasing,estimated
112659,27820,Plovers,Charadrius nivosus,Snowy Plover,NT,False,False,False,True,False,Full migrant,True,True,True,0,A2bc+3bc+4bc,4.03E7,24000-31000,estimated,Decreasing,suspected
30047,20600,"Rails, Gallinules, Coots",Rallus tenuirostris,Mexican Rail,NT,False,False,False,True,False,Not a migrant,True,True,False,0,C2a(i),238000.0,15000,estimated,Decreasing,suspected
30064,21320,"Rails, Gallinules, Coots",Gymnocrex talaudensis,Talaud Rail,EN,False,False,False,True,False,Not a migrant,False,True,False,0,"B1ab(ii,iii,iv,v);C2a(ii)",1200.0,600-1700,estimated,Decreasing,suspected
30066,27230,Thick-knees,Esacus magnirostris,Beach Thick-knee,NT,False,False,False,True,False,Not a migrant,True,False,True,0,C1,2.98E7,4000,estimated,Decreasing,suspected
30071,5220,"Ducks, Geese, Swans",Alopochen mauritiana,Mauritius Shelduck,EX,False,False,False,True,False,Not a migrant,False,True,False,0,,0.0,0,estimated,,not applicable
30072,6010,"Ducks, Geese, Swans",Anas theodori,Mauritius Duck,EX,False,False,False,True,False,Not a migrant,False,True,False,0,,0.0,Unknown,not applicable,,not applicable
30073,6150,"Ducks, Geese, Swans",Anas marecula,Amsterdam Duck,EX,False,False,False,True,False,Not a migrant,False,True,False,0,,0.0,0,estimated,,not applicable
30088,21690,"Rails, Gallinules, Coots",Porphyrio caerulescens,Reunion Gallinule,EX,False,False,False,True,False,Not a migrant,True,True,False,0,,0.0,0,estimated,,not applicable
30089,21680,"Rails, Gallinules, Coots",Porphyrio kukwiedei,New Caledonia Gallinule,EX,False,False,False,True,False,Not a migrant,False,True,False,0,,0.0,Unknown,,,not applicable
30091,20970,"Rails, Gallinules, Coots",Hypotaenidia poeciloptera,Bar-winged Rail,EX,False,False,False,True,False,Not a migrant,True,False,False,0,,0.0,Unknown,not applicable,,not applicable
30092,21130,"Rails, Gallinules, Coots",Mundia elpenor,Ascension Crake,EX,False,False,False,True,False,Not a migrant,True,False,False,0,,0.0,0,estimated,,not applicable
30093,20570,"Rails, Gallinules, Coots",Laterallus podarces,Saint Helena Rail,EX,False,False,False,True,False,Not a migrant,True,False,False,0,,0.0,0,estimated,,not applicable
30094,21510,"Rails, Gallinules, Coots",Zapornia nigra,Miller's Rail,EX,False,False,False,True,False,Not a migrant,True,False,False,0,,0.0,Unknown,not applicable,,not applicable
30095,21460,"Rails, Gallinules, Coots",Zapornia astrictocarpus,Saint Helena Crake,EX,False,False,False,True,False,Not a migrant,True,False,False,0,,0.0,Unknown,,,not applicable
30096,21830,"Rails, Gallinules, Coots",Gallinula nesiotis,Tristan Moorhen,EX,False,False,False,True,False,Not a migrant,True,True,False,0,,0.0,0,estimated,,not applicable
30097,21950,"Rails, Gallinules, Coots",Fulica newtonii,Mascarene Coot,EX,False,False,False,True,False,Not a migrant,False,True,False,0,,0.0,0,estimated,,not applicable
30098,28930,"Sandpipers, Snipes, Phalaropes",Prosobonia ellisi,Moorea Sandpiper,EX,False,False,False,True,False,Not a migrant,True,True,False,0,,0.0,0,estimated,,not applicable
30099,25830,Herons,Nycticorax mauritianus,Mauritius Night Heron,EX,False,False,False,True,False,Not a migrant,True,True,False,0,,0.0,0,estimated,,not applicable
30100,25820,Herons,Nycticorax duboisi,Reunion Night Heron,EX,False,False,False,True,False,Not a migrant,True,True,False,0,,0.0,0,estimated,,not applicable
30101,25840,Herons,Nycticorax megacephalus,Rodrigues Night Heron,EX,False,False,False,True,False,Not a migrant,False,True,False,0,,0.0,0,estimated,,not applicable
30102,25220,"Ibises, Spoonbills",Threskiornis solitarius,Reunion Ibis,EX,False,False,False,True,False,Not a migrant,True,True,False,0,,0.0,0,estimated,,not applicable
30103,23950,"Petrels, Shearwaters",Pterodroma rupinarum,Large Saint Helena Petrel,EX,False,False,True,False,False,Not a migrant,True,False,True,0,,0.0,0,estimated,,not applicable
30104,24870,"Petrels, Shearwaters",Bulweria bifax,Small Saint Helena Petrel,EX,False,False,True,False,False,Not a migrant,True,False,True,0,,0.0,0,estimated,,not applicable
30109,21700,"Rails, Gallinules, Coots",Porphyrio mantelli,North Island Takahe,EX,False,False,False,True,False,Not a migrant,True,False,False,0,,0.0,Unknown,,,not applicable
30118,20930,"Rails, Gallinules, Coots",Cabalus modestus,Chatham Islands Rail,EX,False,False,False,True,False,Not a migrant,True,False,False,0,,0.0,Unknown,not applicable,,not applicable
30119,20900,"Rails, Gallinules, Coots",Aphanapteryx bonasia,Red Rail,EX,False,False,False,True,False,Not a migrant,True,False,False,0,,0.0,0,estimated,,not applicable
30120,20910,"Rails, Gallinules, Coots",Erythromachus leguati,Rodrigues Rail,EX,False,False,False,True,False,Not a migrant,True,False,False,0,,0.0,0,estimated,,not applicable
30240,5230,"Ducks, Geese, Swans",Alopochen kervazoi,Reunion Shelduck,EX,False,False,False,True,False,Not a migrant,False,True,False,0,,0.0,0,estimated,,not applicable
30242,6180,"Ducks, Geese, Swans",Anas carolinensis,Green-winged Teal,LC,False,False,False,True,False,Full migrant,True,True,False,0,,1.91E7,3900000,estimated,Increasing,inferred
31022,26310,Herons,Egretta gularis,Western Reef-egret,LC,False,False,False,True,False,Not a migrant,True,True,True,0,,5.29E7,Unknown,estimated,Stable,suspected
31049,29030,"Sandpipers, Snipes, Phalaropes",Scolopax rosenbergii,New Guinea Woodcock,LC,False,False,False,True,False,Not a migrant,True,False,False,0,,515000.0,Unknown,not applicable,Stable,suspected
31050,29040,"Sandpipers, Snipes, Phalaropes",Scolopax bukidnonensis,Bukidnon Woodcock,LC,False,False,False,True,False,Not a migrant,True,False,False,0,,377000.0,Unknown,not applicable,Unknown,not applicable
31052,29270,"Sandpipers, Snipes, Phalaropes",Gallinago delicata,Wilson's Snipe,LC,False,False,False,True,False,Full migrant,True,True,False,0,,2.1E7,2000000,estimated,Increasing,estimated
31361,20610,"Rails, Gallinules, Coots",Rallus obsoletus,Ridgway's Rail,NT,False,False,False,True,False,Not a migrant,True,True,True,0,C2a(i),1260000.0,10000-19999,estimated,Decreasing,inferred
31501,25240,"Ibises, Spoonbills",Threskiornis bernieri,Malagasy Sacred Ibis,EN,False,False,False,True,False,Not a migrant,True,True,True,0,A2bc+4bc,564000.0,1733-2166,estimated,Decreasing,inferred
31539,20830,"Rails, Gallinules, Coots",Aptenorallus calayanensis,Calayan Rail,VU,False,False,False,True,False,Not a migrant,True,False,False,90,D2,70.0,2500-4300,estimated,Stable,suspected
31610,21570,"Rails, Gallinules, Coots",Amaurornis magnirostris,Talaud Bush-hen,VU,False,False,False,True,False,Not a migrant,True,False,False,0,C2a(ii),1200.0,2500-9999,estimated,Decreasing,suspected
452,6050,"Ducks, Geese, Swans",Anas castanea,Chestnut Teal,LC,False,False,False,True,False,Not a migrant,True,True,True,0,,7430000.0,70000,estimated,Unknown,suspected
453,6070,"Ducks, Geese, Swans",Anas aucklandica,Auckland Teal,NT,False,False,False,True,False,Not a migrant,False,True,False,356,B1a+2a; D1,1000.0,"330-1700, 1000-1700",estimated,Stable,estimated
454,6110,"Ducks, Geese, Swans",Anas bahamensis,White-cheeked Pintail,LC,False,False,False,True,False,Full migrant,True,True,True,0,,2.63E7,118000-720000,estimated,Decreasing,suspected
455,6120,"Ducks, Geese, Swans",Anas erythrorhyncha,Red-billed Teal,LC,False,False,False,True,False,Not a migrant,True,True,False,0,,1.54E7,410000-790000,estimated,Decreasing,suspected
457,6130,"Ducks, Geese, Swans",Anas acuta,Northern Pintail,LC,False,False,False,True,False,Full migrant,True,True,True,0,,4.19E7,4700000-4800000,estimated,Decreasing,suspected
458,6140,"Ducks, Geese, Swans",Anas eatoni,Southern Pintail,VU,False,False,False,True,False,Not a migrant,False,True,True,0,A3e,169000.0,31200-41400,estimated,Decreasing,suspected
459,6160,"Ducks, Geese, Swans",Anas georgica,Yellow-billed Pintail,LC,False,False,False,True,False,Full migrant,True,True,True,0,,2.37E7,67900-675000,estimated,Stable,suspected
460,5730,"Ducks, Geese, Swans",Spatula querquedula,Garganey,LC,False,False,False,True,False,Full migrant,True,True,True,0,,3.25E7,Unknown,estimated,Decreasing,suspected
461,5830,"Ducks, Geese, Swans",Sibirionetta formosa,Baikal Teal,LC,False,False,False,True,False,Full migrant,True,True,False,0,,4940000.0,Unknown,estimated,Increasing,estimated
462,6170,"Ducks, Geese, Swans",Anas crecca,Common Teal,LC,False,False,False,True,False,Full migrant,True,True,False,0,,6.02E7,2800000,estimated,Unknown,not applicable
463,5750,"Ducks, Geese, Swans",Spatula puna,Puna Teal,LC,False,False,False,True,False,Altitudinal migrant,True,True,False,0,,1070000.0,Unknown,estimated,Stable,suspected
464,5760,"Ducks, Geese, Swans",Spatula versicolor,Silver Teal,LC,False,False,False,True,False,Full migrant,True,True,False,0,,5420000.0,34900-136000,estimated,Stable,suspected
465,5740,"Ducks, Geese, Swans",Spatula hottentota,Blue-billed Teal,LC,False,False,False,True,False,Not a migrant,True,True,False,0,,1.95E7,36700-141000,estimated,Decreasing,suspected
466,4570,"Ducks, Geese, Swans",Malacorhynchus membranaceus,Pink-eared Duck,LC,False,False,False,True,False,Nomadic,True,True,False,0,,6040000.0,66000-670000,estimated,Stable,suspected
467,5470,"Ducks, Geese, Swans",Marmaronetta angustirostris,Marbled Duck,NT,False,False,False,True,False,Full migrant,True,True,True,0,A2cd+3cd+4cd,1.35E7,10000-42000,estimated,Decreasing,suspected
468,5640,"Ducks, Geese, Swans",Rhodonessa caryophyllacea,Pink-headed Duck,CR,False,False,False,True,False,Not a migrant,True,True,False,0,D,1.0,1-49,estimated,Unknown,not applicable
469,5490,"Ducks, Geese, Swans",Netta rufina,Red-crested Pochard,LC,False,False,False,True,False,Full migrant,True,True,False,0,,1.96E7,Unknown,estimated,Unknown,not applicable
470,5500,"Ducks, Geese, Swans",Netta peposaca,Rosy-billed Pochard,LC,False,False,False,True,False,Full migrant,True,True,False,0,,7740000.0,667000-667000,estimated,Increasing,suspected
471,5510,"Ducks, Geese, Swans",Netta erythrophthalma,Southern Pochard,LC,False,False,False,True,False,Not a migrant,True,True,False,0,,6.08E7,Unknown,estimated,Decreasing,suspected
472,5520,"Ducks, Geese, Swans",Aythya ferina,Common Pochard,VU,False,False,False,True,False,Full migrant,True,True,True,0,A2abcd+3bcd+4abcd,548000.0,760000-790000,estimated,Decreasing,estimated
473,5540,"Ducks, Geese, Swans",Aythya valisineria,Canvasback,LC,False,False,False,True,False,Full migrant,True,True,True,0,,1.05E7,690000,estimated,Increasing,inferred
474,5530,"Ducks, Geese, Swans",Aythya americana,Redhead,LC,False,False,False,True,False,Full migrant,True,True,True,0,,1.78E7,1200000,inferred,Increasing,inferred
475,5600,"Ducks, Geese, Swans",Aythya collaris,Ring-necked Duck,LC,False,False,False,True,False,Full migrant,True,True,False,0,,2.58E7,2000000,estimated,Increasing,inferred
476,5580,"Ducks, Geese, Swans",Aythya nyroca,Ferruginous Duck,NT,False,False,False,True,False,Full migrant,True,True,True,0,A2cd+3cd+4cd,2.52E7,Unknown,estimated,Decreasing,estimated
477,5560,"Ducks, Geese, Swans",Aythya innotata,Madagascar Pochard,CR,False,False,False,True,False,Not a migrant,False,True,False,4,D,25.0,"30-50,45",observed,Stable,observed
478,5570,"Ducks, Geese, Swans",Aythya baeri,Baer's Pochard,CR,False,False,False,True,False,Full migrant,False,True,False,0,A2cd+3cd+4cd; C2a(ii),2270000.0,150-700,inferred,Decreasing,inferred
479,5550,"Ducks, Geese, Swans",Aythya australis,Hardhead,LC,False,False,False,True,False,Not a migrant,True,True,True,0,,1.01E7,66700-667000,estimated,Stable,suspected
480,5610,"Ducks, Geese, Swans",Aythya fuligula,Tufted Duck,LC,False,False,False,True,False,Full migrant,True,True,True,0,,3.49E7,Unknown,estimated,Stable,suspected
481,5590,"Ducks, Geese, Swans",Aythya novaeseelandiae,New Zealand Scaup,LC,False,False,False,True,False,Not a migrant,True,True,True,0,,618000.0,3300-6700,estimated,Increasing,suspected
483,5630,"Ducks, Geese, Swans",Aythya affinis,Lesser Scaup,LC,False,False,False,True,False,Full migrant,True,True,True,0,,1.1E7,3700000,estimated,Stable,inferred
488,5130,"Ducks, Geese, Swans",Camptorhynchus labradorius,Labrador Duck,EX,False,False,True,True,False,Full migrant,True,False,True,0,,0.0,Unknown,,,not applicable
496,5020,"Ducks, Geese, Swans",Bucephala albeola,Bufflehead,LC,False,False,False,True,False,Full migrant,True,True,True,0,,1.1E7,1300000,estimated,Increasing,estimated
497,5050,"Ducks, Geese, Swans",Mergellus albellus,Smew,LC,False,False,False,True,False,Full migrant,True,True,True,0,,1.75E7,Unknown,estimated,Decreasing,suspected
498,5060,"Ducks, Geese, Swans",Lophodytes cucullatus,Hooded Merganser,LC,False,False,False,True,False,Full migrant,True,True,True,0,,1.02E7,1100000,estimated,Increasing,estimated
499,5110,"Ducks, Geese, Swans",Mergus octosetaceus,Brazilian Merganser,CR,False,False,False,True,False,Not a migrant,False,True,False,0,C2a(i),1380000.0,50-249,estimated,Decreasing,inferred
501,5080,"Ducks, Geese, Swans",Mergus squamatus,Scaly-sided Merganser,EN,False,False,False,True,False,Full migrant,True,True,False,0,C2a(ii),731000.0,2400-4500,estimated,Decreasing,suspected
503,5100,"Ducks, Geese, Swans",Mergus australis,New Zealand Merganser,EX,False,False,False,True,False,Not a migrant,False,True,True,0,,0.0,Unknown,,,not applicable
32680,6200,"Ducks, Geese, Swans",Anas flavirostris,Yellow-billed Teal,LC,False,False,False,True,False,Full migrant,False,True,False,0,,1.22E7,695000-755000,,Stable,estimated
31645,29830,"Coursers, Pratincoles",Cursorius somalensis,Somali Courser,LC,False,False,False,True,False,Not a migrant,True,False,False,0,,1750000.0,33300-133000,not applicable,Unknown,suspected
32103,20890,"Rails, Gallinules, Coots",Diaphorapteryx hawkinsi,Hawkins's Rail,EX,False,False,False,True,False,Not a migrant,True,False,False,0,,0.0,Unknown,,,not applicable
32141,4710,"Ducks, Geese, Swans",Branta hutchinsii,Cackling Goose,LC,False,False,False,True,False,Full migrant,True,True,False,0,,8410000.0,4500000,estimated,Increasing,suspected
32210,25440,"Ibises, Spoonbills",Theristicus melanopis,Black-faced Ibis,LC,False,False,False,True,False,Full migrant,True,False,False,0,,5090000.0,Unknown,estimated,Stable,suspected
32528,6190,"Ducks, Geese, Swans",Anas andium,Andean Teal,LC,False,False,False,True,False,Not a migrant,False,True,False,0,,678000.0,6000-15000,inferred,Decreasing,suspected
32543,27810,Plovers,Charadrius dealbatus,White-faced Plover,LC,False,False,False,True,False,Full migrant,True,True,True,0,,1110000.0,25000-250000,suspected,Unknown,not applicable
32558,28400,Painted-snipes,Rostratula australis,Australian Painted-snipe,EN,False,False,False,True,False,Not a migrant,True,True,True,1900,A2bce+3bce+4bce; C2a(ii),5200000.0,"270-410, 340",estimated,Decreasing,inferred
32560,25700,Herons,Ixobrychus dubius,Australian Little Bittern,LC,False,False,False,True,False,Full migrant,True,True,False,0,,9210000.0,Unknown,,Decreasing,suspected
32580,28390,Painted-snipes,Rostratula benghalensis,Greater Painted-snipe,LC,False,False,False,True,False,Not a migrant,True,True,True,0,,9.09E7,33300-153000,estimated,Unknown,estimated
32586,29820,"Coursers, Pratincoles",Cursorius cursor,Cream-coloured Courser,LC,False,False,False,True,False,Full migrant,True,False,False,0,,2.21E7,Unknown,not applicable,Decreasing,estimated
32715,5950,"Ducks, Geese, Swans",Anas poecilorhyncha,Indian Spot-billed Duck,LC,False,False,False,True,False,Full migrant,True,True,False,0,,9980000.0,150000-1100000,estimated,Decreasing,suspected
1016499,20690,"Rails, Gallinules, Coots",Rallus indicus,Eastern Water Rail,LC,False,False,False,True,False,Full migrant,True,True,False,0,,6860000.0,Unknown,,Unknown,suspected
1016504,20680,"Rails, Gallinules, Coots",Rallus aquaticus,Western Water Rail,LC,False,False,False,True,False,Full migrant,True,True,False,0,,3.41E7,600000-1499999,estimated,Decreasing,suspected
1016532,28240,Plovers,Vanellus miles,Masked Lapwing,LC,False,False,False,True,False,Not a migrant,True,True,False,0,,6360000.0,Unknown,,Increasing,suspected
1016534,28250,Plovers,Vanellus novaehollandiae,Black-shouldered Lapwing,LC,False,False,False,True,False,Not a migrant,True,True,False,0,,8090000.0,66700-667000,,Increasing,suspected
1016693,21000,"Rails, Gallinules, Coots",Hypotaenidia woodfordi,Guadalcanal Rail,LC,False,False,False,True,False,Not a migrant,True,True,False,5400,,6500.0,Unknown,not applicable,Unknown,not applicable
1016696,20980,"Rails, Gallinules, Coots",Hypotaenidia tertia,Bougainville Rail,LC,False,False,False,True,False,Not a migrant,True,True,False,0,,12800.0,Unknown,not applicable,Stable,suspected
1016699,20990,"Rails, Gallinules, Coots",Hypotaenidia immaculata,Santa Isabel Rail,LC,False,False,False,True,False,Not a migrant,True,True,False,0,,5000.0,Unknown,not applicable,Stable,suspected
1016703,27760,Plovers,Charadrius tricollaris,African Three-banded Plover,LC,False,False,False,True,False,Not a migrant,True,True,True,0,,1.63E7,46700-93300,estimated,Increasing,not applicable
1016706,27770,Plovers,Charadrius bifrontatus,Madagascar Three-banded Plover,LC,False,False,False,True,False,Not a migrant,True,True,True,0,,689000.0,Unknown,estimated,Unknown,not applicable
1016711,27800,Plovers,Charadrius alexandrinus,Kentish Plover,LC,False,False,False,True,False,Full migrant,True,True,True,0,,7.08E7,100000-499999,estimated,Decreasing,suspected
1016722,29120,"Sandpipers, Snipes, Phalaropes",Coenocorypha aucklandica,Auckland Snipe,NT,False,False,False,True,False,Not a migrant,True,False,False,740,D2,125000.0,20000-49999,estimated,Stable,estimated
1016725,29100,"Sandpipers, Snipes, Phalaropes",Coenocorypha iredalei,South Island Snipe,EX,False,False,False,True,False,Not a migrant,True,False,False,0,,0.0,Unknown,,,not applicable
1016727,4480,"Ducks, Geese, Swans",Oxyura ferruginea,Andean Duck,LC,False,False,False,True,False,Full migrant,True,True,False,0,,7480000.0,23300-73300,estimated,Decreasing,suspected
1016728,29110,"Sandpipers, Snipes, Phalaropes",Coenocorypha huegeli,Snares Island Snipe,NT,False,False,False,True,False,Not a migrant,True,False,False,96,D1+2,1260.0,1000-1500,estimated,Stable,estimated
1016746,25060,Storks,Ciconia episcopus,Asian Woollyneck,NT,False,False,False,True,False,Not a migrant,True,True,True,0,A2cde+3cde+4cde,1.3E7,50000-249999,suspected,Decreasing,suspected
1016749,25050,Storks,Ciconia microscelis,African Woollyneck,LC,False,False,False,True,False,Not a migrant,True,True,True,0,,2.08E7,Unknown,estimated,Stable,suspected
1016751,6030,"Ducks, Geese, Swans",Anas gibberifrons,Sunda Teal,NT,False,False,False,True,False,Not a migrant,True,True,False,0,A2cd+3cd+4cd,2740000.0,6700-67000,estimated,Stable,suspected
1016753,6020,"Ducks, Geese, Swans",Anas albogularis,Andaman Teal,NT,False,False,False,True,False,Not a migrant,True,True,False,0,D1,16400.0,1000-2500,estimated,Stable,suspected
1016782,26140,Herons,Ardea intermedia,Intermediate Egret,LC,False,False,False,True,False,Full migrant,True,True,True,0,,3.03E7,Unknown,not applicable,Decreasing,suspected
1016786,26130,Herons,Ardea brachyrhyncha,Yellow-billed Egret,LC,False,False,False,True,False,Not a migrant,True,True,True,0,,2.55E7,16700-66700,,Increasing,suspected
1016791,26150,Herons,Ardea plumifera,Plumed Egret,LC,False,False,False,True,False,Not a migrant,True,True,True,0,,1.21E7,66700-667000,,Unknown,suspected
1016802,25890,Herons,Butorides striata,Green-backed Heron,LC,False,False,False,True,False,Full migrant,True,True,True,0,,3.05E8,173000-1500000,suspected,Stable,suspected
1016812,27490,"Avocets, Stilts",Himantopus himantopus,Black-winged Stilt,LC,False,False,False,True,False,Full migrant,True,True,True,0,,3.02E8,Unknown,estimated,Increasing,suspected
1016839,26300,Herons,Egretta garzetta,Little Egret,LC,False,False,False,True,False,Full migrant,True,True,False,0,,1.51E8,Unknown,estimated,Increasing,observed
1016872,27140,Thick-knees,Burhinus indicus,Indian Thick-knee,LC,False,False,False,True,False,Full migrant,True,False,False,0,,8230000.0,Unknown,,Unknown,suspected
1016940,5330,"Ducks, Geese, Swans",Sarkidiornis melanotos,Knob-billed Duck,LC,False,False,False,True,False,Full migrant,True,True,False,0,,5.33E7,60000-227000,,Decreasing,suspected
1017050,27290,Oystercatchers,Haematopus ater,Blackish Oystercatcher,LC,False,False,False,True,False,Not a migrant,True,False,True,0,,4.85E7,21300-89300,estimated,Unknown,not applicable
1017060,6470,Grebes,Podiceps occipitalis,Southern Silvery Grebe,LC,False,False,False,True,False,Full migrant,True,True,False,0,,3460000.0,67700-68500,,Stable,suspected
1017061,6460,Grebes,Podiceps juninensis,Northern Silvery Grebe,NT,False,False,False,True,False,Not a migrant,True,True,False,0,A2cde+3cde+4cde,2960000.0,Unknown,not applicable,Decreasing,suspected
1017062,21850,"Rails, Gallinules, Coots",Gallinula chloropus,Common Moorhen,LC,False,False,False,True,False,Full migrant,True,True,True,0,,1.33E8,Unknown,estimated,Stable,suspected
1017063,21860,"Rails, Gallinules, Coots",Gallinula galeata,Common Gallinule,LC,False,False,False,True,False,Full migrant,True,True,True,0,,6.47E7,Unknown,estimated,Stable,suspected
1017065,20590,"Rails, Gallinules, Coots",Rallus longirostris,Mangrove Rail,LC,False,False,False,True,False,Not a migrant,True,True,True,0,,1.27E7,Unknown,estimated,Decreasing,suspected
1017067,20620,"Rails, Gallinules, Coots",Rallus elegans,King Rail,NT,False,False,False,True,False,Full migrant,True,True,False,0,A2cde,7070000.0,69000,estimated,Decreasing,inferred
1017068,21990,"Rails, Gallinules, Coots",Fulica americana,American Coot,LC,False,False,False,True,False,Full migrant,True,True,True,0,,2.55E7,Unknown,estimated,Decreasing,estimated
1017071,29130,"Sandpipers, Snipes, Phalaropes",Coenocorypha barrierensis,North Island Snipe,EX,False,False,False,True,False,Not a migrant,True,False,False,0,,0.0,0,estimated,,not applicable
1017079,5420,"Ducks, Geese, Swans",Chenonetta finschi,Finsch's Duck,EX,False,False,False,True,False,Not a migrant,True,False,False,0,,0.0,Unknown,,,not applicable
1017082,21090,"Rails, Gallinules, Coots",Dryolimnas augusti,Reunion Rail,EX,False,False,False,True,False,Not a migrant,True,True,False,0,,0.0,0,estimated,,not applicable
1017083,21670,"Rails, Gallinules, Coots",Porphyrio paepae,Marquesan Swamphen,EX,False,False,False,True,False,Not a migrant,True,True,False,0,,0.0,Unknown,,,not applicable
1017084,21930,"Rails, Gallinules, Coots",Tribonyx hodgenorum,Hodgen's Waterhen,EX,False,False,False,True,False,Not a migrant,True,True,False,0,,0.0,Unknown,,,not applicable
1017085,25880,Herons,Nyctanassa carcinocatactes,Bermuda Night Heron,EX,False,False,False,True,False,Not a migrant,True,True,False,0,,0.0,Unknown,,,not applicable
1017086,28950,"Sandpipers, Snipes, Phalaropes",Prosobonia parvirostris,Tuamotu Sandpiper,EN,False,False,False,True,False,Not a migrant,True,False,True,420,"B2ab(iii,v)",295000.0,700-1100,estimated,Decreasing,inferred
1017087,27650,Plovers,Charadrius obscurus,Southern Red-breasted Plover,CR,False,False,False,True,False,Not a migrant,True,True,True,0,A4a; C1+2a(ii),2200.0,60-80,estimated,Decreasing,observed
1017088,27640,Plovers,Charadrius aquilonius,Northern Red-breasted Plover,LC,False,False,False,True,False,Not a migrant,True,True,True,0,,170000.0,1900,estimated,Increasing,estimated
1017091,28940,"Sandpipers, Snipes, Phalaropes",Prosobonia cancellata,Christmas Sandpiper,EX,False,False,False,True,False,Not a migrant,True,False,True,0,,0.0,0,estimated,,not applicable
502,5070,"Ducks, Geese, Swans",Mergus merganser,Goosander,LC,False,False,True,True,False,Full migrant,True,True,True,0,,8.21E7,Unknown,estimated,Unknown,not applicable
500,5090,"Ducks, Geese, Swans",Mergus serrator,Red-breasted Merganser,LC,False,False,True,True,False,Full migrant,True,True,True,0,,6.45E7,Unknown,estimated,Stable,suspected
495,5040,"Ducks, Geese, Swans",Bucephala islandica,Barrow's Goldeneye,LC,False,False,True,True,False,Full migrant,True,True,True,0,,1.69E7,175000-200000,estimated,Stable,estimated
494,5030,"Ducks, Geese, Swans",Bucephala clangula,Common Goldeneye,LC,False,False,True,True,False,Full migrant,True,True,True,0,,4.69E7,Unknown,estimated,Stable,suspected
492,4940,"Ducks, Geese, Swans",Melanitta perspicillata,Surf Scoter,LC,False,False,True,True,False,Full migrant,True,True,True,0,,7360000.0,Unknown,estimated,Decreasing,suspected
490,4890,"Ducks, Geese, Swans",Clangula hyemalis,Long-tailed Duck,VU,False,False,True,True,False,Full migrant,True,True,True,0,A4bce,6.01E7,Unknown,estimated,Decreasing,estimated
489,5120,"Ducks, Geese, Swans",Histrionicus histrionicus,Harlequin Duck,LC,False,False,True,True,False,Full migrant,True,True,True,0,,3.62E7,Unknown,estimated,Increasing,suspected
487,4930,"Ducks, Geese, Swans",Polysticta stelleri,Steller's Eider,VU,False,False,True,True,False,Full migrant,True,True,True,0,A2bcd+3bcd+4bcd,9240000.0,Unknown,estimated,Decreasing,estimated
486,4900,"Ducks, Geese, Swans",Somateria fischeri,Spectacled Eider,NT,False,False,True,True,False,Full migrant,True,True,True,0,A2abcde+4abcde,3440000.0,250000,estimated,Decreasing,suspected
485,4910,"Ducks, Geese, Swans",Somateria spectabilis,King Eider,LC,False,False,True,True,False,Full migrant,True,True,True,0,,1.91E7,Unknown,estimated,Decreasing,suspected
484,4920,"Ducks, Geese, Swans",Somateria mollissima,Common Eider,NT,False,False,True,True,False,Full migrant,True,False,True,0,A4abcde,5.99E7,Unknown,estimated,Unknown,not applicable
482,5620,"Ducks, Geese, Swans",Aythya marila,Greater Scaup,LC,False,False,True,True,False,Full migrant,True,True,True,0,,4.64E7,4900000-5199999,estimated,Decreasing,suspected
437,5960,"Ducks, Geese, Swans",Anas laysanensis,Laysan Duck,CR,False,False,False,True,False,Not a migrant,True,True,True,0,B1ac(iv),2.0,500-680,estimated,Increasing,observed
420,5720,"Ducks, Geese, Swans",Amazonetta brasiliensis,Brazilian Teal,LC,False,False,False,True,False,Full migrant,True,True,False,0,,1.3E7,Unknown,estimated,Decreasing,inferred
418,5400,"Ducks, Geese, Swans",Aix galericulata,Mandarin Duck,LC,False,False,False,True,False,Full migrant,True,True,False,0,,5710000.0,Unknown,estimated,Decreasing,suspected
409,5310,"Ducks, Geese, Swans",Cairina moschata,Muscovy Duck,LC,False,False,False,True,False,Not a migrant,True,True,False,0,,2.22E7,Unknown,estimated,Decreasing,suspected
407,5660,"Ducks, Geese, Swans",Tachyeres patachonicus,Flying Steamerduck,LC,False,False,True,True,False,Full migrant,True,True,True,0,,1610000.0,7300-18000,estimated,Decreasing,suspected
406,5690,"Ducks, Geese, Swans",Tachyeres brachypterus,Falkland Steamerduck,LC,False,False,True,True,False,Not a migrant,True,False,True,0,,28400.0,Unknown,estimated,Stable,suspected
405,5670,"Ducks, Geese, Swans",Tachyeres leucocephalus,White-headed Steamerduck,VU,False,False,True,True,False,Not a migrant,True,False,True,0,C2a(ii),130000.0,3400-3700,estimated,Decreasing,inferred
404,5680,"Ducks, Geese, Swans",Tachyeres pteneres,Magellanic Steamerduck,LC,False,False,True,True,False,Not a migrant,True,False,True,0,,864000.0,6700-67000,estimated,Stable,suspected
401,5290,"Ducks, Geese, Swans",Tadorna cristata,Crested Shelduck,CR,False,False,False,True,False,Full migrant,False,True,True,0,D,14.0,1-49,estimated,Unknown,not applicable
396,5210,"Ducks, Geese, Swans",Alopochen aegyptiaca,Egyptian Goose,LC,False,False,False,True,False,Not a migrant,True,True,False,0,,2.89E7,Unknown,estimated,Decreasing,suspected
388,4590,"Ducks, Geese, Swans",Cereopsis novaehollandiae,Cape Barren Goose,LC,False,False,False,True,False,Full migrant,True,True,True,0,,2090000.0,11000-12000,estimated,Stable,suspected
385,4690,"Ducks, Geese, Swans",Branta leucopsis,Barnacle Goose,LC,False,False,False,True,False,Full migrant,True,True,True,0,,5700000.0,Unknown,estimated,Increasing,suspected
384,4720,"Ducks, Geese, Swans",Branta canadensis,Canada Goose,LC,False,False,False,True,False,Full migrant,True,True,False,0,,2.33E7,Unknown,estimated,Increasing,suspected
380,4780,"Ducks, Geese, Swans",Anser caerulescens,Snow Goose,LC,False,False,False,True,False,Full migrant,True,True,True,0,,8480000.0,16000000,estimated,Increasing,inferred
379,4800,"Ducks, Geese, Swans",Anser indicus,Bar-headed Goose,LC,False,False,False,True,False,Full migrant,True,True,False,0,,5570000.0,Unknown,estimated,Decreasing,suspected
378,4810,"Ducks, Geese, Swans",Anser anser,Greylag Goose,LC,False,False,False,True,False,Full migrant,True,True,False,0,,3.12E7,Unknown,estimated,Increasing,suspected
30130,26880,Cormorants,Urile pelagicus,Pelagic Cormorant,LC,False,False,True,True,False,Full migrant,True,False,True,0,,2.46E7,Unknown,not applicable,Decreasing,suspected
30136,26640,"Gannets, Boobies",Sula granti,Nazca Booby,LC,False,False,True,False,False,Not a migrant,True,True,True,0,,5800000.0,20000-49999,estimated,Decreasing,suspected
377,4860,"Ducks, Geese, Swans",Anser erythropus,Lesser White-fronted Goose,VU,False,False,False,True,False,Full migrant,True,True,False,0,A2bcd+3bcd+4bcd,7060000.0,16000-27000,estimated,Decreasing,suspected
375,4830,"Ducks, Geese, Swans",Anser fabalis,Bean Goose,LC,False,False,False,True,False,Full migrant,True,True,False,0,,2.05E7,Unknown,estimated,Decreasing,suspected
367,4620,"Ducks, Geese, Swans",Cygnus atratus,Black Swan,LC,False,False,False,True,False,Not a migrant,True,True,True,0,,9960000.0,Unknown,estimated,Stable,suspected
354,4370,"Ducks, Geese, Swans",Dendrocygna autumnalis,Black-bellied Whistling-duck,LC,False,False,False,True,False,Full migrant,True,True,False,0,,2.7E7,200000-2000000,inferred,Increasing,inferred
350,4420,"Ducks, Geese, Swans",Dendrocygna arcuata,Wandering Whistling-duck,LC,False,False,False,True,False,Not a migrant,True,True,True,0,,2.34E7,Unknown,estimated,Decreasing,suspected
30004,23490,Albatrosses,Diomedea antipodensis,Antipodean Albatross,EN,False,False,True,False,False,Full migrant,True,False,True,670,A4bde,4.7E7,50000,estimated,Decreasing,estimated
30005,23460,Albatrosses,Diomedea sanfordi,Northern Royal Albatross,EN,False,False,True,False,False,Full migrant,True,False,True,8,"A4bc; B2ab(iii,v)",1.15E8,17000,estimated,Decreasing,estimated
30006,23700,Albatrosses,Thalassarche bulleri,Buller's Albatross,NT,False,False,True,False,False,Full migrant,True,False,True,4,D2,5.84E7,50000-99999,estimated,Stable,estimated
30007,23690,Albatrosses,Thalassarche impavida,Campbell Albatross,VU,False,False,True,False,False,Full migrant,True,False,True,13,D2,3.61E7,43296,estimated,Increasing,estimated
30013,23510,Albatrosses,Diomedea dabbenena,Tristan Albatross,CR,False,False,True,False,False,Full migrant,True,False,True,80,A4ade,5.49E7,3400-4800,estimated,Decreasing,estimated
30015,23660,Albatrosses,Thalassarche carteri,Indian Yellow-nosed Albatross,EN,False,False,True,False,False,Full migrant,True,False,True,1400,A4bde,4.36E7,82000,estimated,Decreasing,estimated
30026,24680,"Petrels, Shearwaters",Puffinus mauretanicus,Balearic Shearwater,CR,False,False,True,False,False,Full migrant,True,False,True,9,A4bcde,7120000.0,19000,estimated,Decreasing,estimated
30027,24370,"Petrels, Shearwaters",Procellaria conspicillata,Spectacled Petrel,VU,False,False,True,False,False,Full migrant,True,False,True,9,D2,1.37E7,20000,estimated,Increasing,estimated
30028,24100,"Petrels, Shearwaters",Pterodroma atrata,Henderson Petrel,EN,False,False,True,False,False,Full migrant,True,False,True,76,B2ab(v),9820000.0,Unknown,estimated,Decreasing,suspected
30105,23220,Southern Storm-petrels,Fregetta maoriana,New Zealand Storm-petrel,CR,False,False,True,False,False,Unknown,True,False,True,0,D,1690000.0,1-49,estimated,Unknown,not applicable
1016942,24690,"Petrels, Shearwaters",Puffinus elegans,Subantarctic Shearwater,LC,False,False,True,False,False,Full migrant,True,False,True,0,,8.18E7,Unknown,,Decreasing,suspected
1016943,24710,"Petrels, Shearwaters",Puffinus lherminieri,Audubon's Shearwater,LC,False,False,True,False,False,Full migrant,True,False,True,0,,4.12E7,30000-59000,estimated,Decreasing,suspected
1017051,30260,"Gulls, Terns, Skimmers",Larus novaehollandiae,Silver Gull,LC,False,False,True,True,False,Full migrant,True,True,True,0,,2.06E7,Unknown,estimated,Increasing,suspected
1017055,30530,"Gulls, Terns, Skimmers",Larus michahellis,Yellow-legged Gull,LC,False,False,True,True,False,Full migrant,True,True,True,0,,1.22E7,Unknown,,Increasing,estimated
1017056,30510,"Gulls, Terns, Skimmers",Larus argentatus,European Herring Gull,LC,False,False,True,True,False,Full migrant,True,True,True,0,,7180000.0,1060000-1220000,estimated,Decreasing,suspected
1017057,30550,"Gulls, Terns, Skimmers",Larus smithsonianus,Arctic Herring Gull,LC,False,False,True,True,False,Full migrant,True,True,True,0,,5.14E7,Unknown,estimated,Decreasing,suspected
1017058,31470,Auks,Synthliboramphus hypoleucus,Guadalupe Murrelet,EN,False,False,True,False,False,Not a migrant,True,False,True,340,"B2ab(iv,v)",469000.0,5000,estimated,Decreasing,suspected
1017059,31460,Auks,Synthliboramphus scrippsi,Scripps's Murrelet,VU,False,False,True,False,False,Not a migrant,True,False,True,62,"B2ab(iv,v)",217000.0,10000-19999,estimated,Decreasing,inferred
1017066,20630,"Rails, Gallinules, Coots",Rallus crepitans,Clapper Rail,LC,False,False,False,True,False,Full migrant,True,True,True,0,,8420000.0,Unknown,,Decreasing,suspected
1017097,31230,Skuas,Catharacta antarctica,Brown Skua,LC,False,False,True,False,False,Full migrant,True,False,True,0,,1.35E8,26000-28000,estimated,Decreasing,suspected
1018383,23870,"Petrels, Shearwaters",Pachyptila salvini,Salvin's Prion,LC,False,False,True,False,False,Full migrant,True,False,True,0,,3.8E7,Unknown,estimated,Stable,suspected
1018384,23880,"Petrels, Shearwaters",Pachyptila macgillivrayi,MacGillivray's Prion,CR,False,False,True,False,False,Full migrant,True,False,True,0,A3be+4be,0.0,48300-2421480,estimated,Decreasing,inferred
1018410,24610,"Petrels, Shearwaters",Puffinus newelli,Newell's Shearwater,CR,False,False,True,False,False,Full migrant,True,False,True,710,A3bce+4bce,1.48E7,10000-19999,estimated,Decreasing,estimated
1018411,24600,"Petrels, Shearwaters",Puffinus myrtae,Rapa Shearwater,CR,False,False,True,False,False,Full migrant,True,False,True,1,C2a(ii),126000.0,50-249,estimated,Decreasing,estimated
1018412,23270,Northern Storm-petrels,Hydrobates castro,Band-rumped Storm-petrel,LC,False,False,True,False,False,Full migrant,True,False,True,0,,2.46E8,150000,estimated,Decreasing,suspected
1018413,23350,Northern Storm-petrels,Hydrobates cheimomnestes,Ainley's Storm-petrel,VU,False,False,True,False,False,Full migrant,True,False,True,0,D2,6310000.0,2500-9999,suspected,Stable,suspected
1018414,23260,Northern Storm-petrels,Hydrobates jabejabe,Cape Verde Storm-petrel,LC,False,False,True,False,False,Full migrant,True,False,True,0,,5.38E7,15500-67500,estimated,Decreasing,suspected
1018415,23360,Northern Storm-petrels,Hydrobates leucorhous,Leach's Storm-petrel,VU,False,False,True,False,False,Full migrant,True,False,True,0,A2bce+3bce+4bce,3.37E8,6700000-8300000,estimated,Decreasing,estimated
1018416,23340,Northern Storm-petrels,Hydrobates socorroensis,Townsend's Storm-petrel,EN,False,False,True,False,False,Full migrant,True,False,True,12,B2ab(v),4950000.0,2500-9999,estimated,Decreasing,inferred
1099022,21180,"Rails, Gallinules, Coots",Aramides cajaneus,Grey-cowled Wood-rail,LC,False,False,False,True,False,Not a migrant,True,True,False,0,,1.69E7,5000000-50000000,estimated,Stable,suspected
1099023,21170,"Rails, Gallinules, Coots",Aramides albiventris,Russet-naped Wood-rail,LC,False,False,False,True,False,Not a migrant,True,True,False,0,,1560000.0,50000-499999,estimated,Decreasing,suspected
30138,31370,Auks,Brachyramphus perdix,Long-billed Murrelet,NT,False,False,True,False,False,Not a migrant,True,False,True,0,A2c+3c+4c,3120000.0,Unknown,suspected,Decreasing,suspected
30170,23160,Southern Storm-petrels,Garrodia nereis,Grey-backed Storm-petrel,LC,False,False,True,False,False,Full migrant,True,False,True,0,,7.8E7,Unknown,estimated,Decreasing,suspected
30221,24510,"Petrels, Shearwaters",Calonectris edwardsii,Cape Verde Shearwater,NT,False,False,True,False,False,Full migrant,True,False,True,0,C1; D2,2.43E7,13800,estimated,Decreasing,suspected
31007,23710,Albatrosses,Thalassarche cauta,Shy Albatross,NT,False,False,True,False,False,Full migrant,True,False,True,12,A3ce,8800.0,"29800-33400, 31600",estimated,Stable,estimated
31008,23720,Albatrosses,Thalassarche steadi,White-capped Albatross,NT,False,False,True,False,False,Full migrant,True,False,True,540,A4de,1.14E8,203600,estimated,Decreasing,suspected
31020,26760,Cormorants,Leucocarbo atriceps,Imperial Shag,LC,False,False,True,True,False,Full migrant,True,False,True,0,,2.68E7,Unknown,,Unknown,not applicable
31025,6540,Flamingos,Phoenicopterus ruber,American Flamingo,LC,False,False,False,True,False,Full migrant,True,True,True,0,,1.28E7,150000-205000,inferred,Increasing,suspected
31054,30560,"Gulls, Terns, Skimmers",Larus glaucoides,Iceland Gull,LC,False,False,True,True,False,Full migrant,True,False,True,0,,6180000.0,Unknown,estimated,Stable,suspected
31633,24500,"Petrels, Shearwaters",Calonectris borealis,Cory's Shearwater,LC,False,False,True,False,False,Full migrant,True,False,True,0,,9.76E7,504000-507000,estimated,Unknown,suspected
31681,4990,"Ducks, Geese, Swans",Melanitta americana,Black Scoter,NT,False,False,True,True,False,Full migrant,True,True,True,0,A2bce+3bce+4bce,1.77E7,350000-560000,estimated,Decreasing,inferred
32157,30000,"Gulls, Terns, Skimmers",Anous albivittus,Grey Noddy,LC,False,False,True,True,False,Not a migrant,True,False,True,0,,2.16E7,Unknown,,Stable,suspected
32206,24550,"Petrels, Shearwaters",Puffinus subalaris,Galapagos Shearwater,LC,False,False,True,False,False,Full migrant,True,False,True,0,,6960.0,35000,inferred,Decreasing,suspected
32208,26460,Pelicans,Pelecanus occidentalis,Brown Pelican,LC,False,False,True,True,False,Full migrant,True,True,True,0,,1.86E7,Unknown,estimated,Increasing,suspected
32228,24630,"Petrels, Shearwaters",Puffinus bailloni,Tropical Shearwater,LC,False,False,True,False,False,Full migrant,True,False,True,0,,9.46E7,Unknown,,Stable,suspected
32254,4970,"Ducks, Geese, Swans",Melanitta deglandi,White-winged Scoter,LC,False,False,True,True,False,Full migrant,True,True,True,0,,6260000.0,Unknown,,Decreasing,suspected
32304,22990,Penguins,Eudyptes moseleyi,Northern Rockhopper Penguin,EN,False,False,True,False,False,Full migrant,False,False,True,250,A2acde+3cde+4acde,1840000.0,413700,estimated,Decreasing,estimated
32472,23000,Penguins,Eudyptes chrysocome,Southern Rockhopper Penguin,VU,False,False,True,False,False,Full migrant,False,False,True,3640,A2abcde+3bcde+4abcde,1.31E7,2500000,estimated,Decreasing,inferred
32544,23280,Northern Storm-petrels,Hydrobates monteiroi,Monteiro's Storm-petrel,VU,False,False,True,False,False,Not a migrant,True,False,True,1,D1+2,739000.0,250-999,estimated,Stable,suspected
32572,25690,Herons,Ixobrychus minutus,Common Little Bittern,LC,False,False,False,True,False,Full migrant,True,True,False,0,,6.84E7,600000-1199999,estimated,Decreasing,suspected
32603,30540,"Gulls, Terns, Skimmers",Larus cachinnans,Caspian Gull,LC,False,False,True,True,False,Full migrant,True,True,True,0,,5820000.0,Unknown,,Increasing,estimated
32626,5940,"Ducks, Geese, Swans",Anas zonorhyncha,Eastern Spot-billed Duck,LC,False,False,False,True,False,Full migrant,True,True,False,0,,1.32E7,Unknown,estimated,Decreasing,suspected
32645,24230,"Petrels, Shearwaters",Pterodroma deserta,Desertas Petrel,VU,False,False,True,False,False,Full migrant,True,False,True,20,D1+2,6.15E7,250-999,estimated,Stable,estimated
32652,26630,"Gannets, Boobies",Sula dactylatra,Masked Booby,LC,False,False,True,False,False,Not a migrant,False,False,True,0,,2.11E8,Unknown,,Decreasing,inferred
112634,4980,"Ducks, Geese, Swans",Melanitta nigra,Common Scoter,LC,False,False,True,True,False,Full migrant,True,True,True,0,,1.2E7,1070000,estimated,Unknown,not applicable
112635,4960,"Ducks, Geese, Swans",Melanitta stejnegeri,Siberian Scoter,LC,False,False,True,True,False,Full migrant,True,True,True,0,,1.17E7,400000-700000,estimated,Decreasing,suspected
112636,4950,"Ducks, Geese, Swans",Melanitta fusca,Velvet Scoter,VU,False,False,True,True,False,Full migrant,True,True,True,0,A2abcde,1.49E7,141000-268000,estimated,Decreasing,estimated
1016817,29990,"Gulls, Terns, Skimmers",Anous ceruleus,Blue Noddy,LC,False,False,True,True,False,Not a migrant,True,False,True,0,,6.1E7,Unknown,,Stable,suspected
1016821,4470,"Ducks, Geese, Swans",Oxyura jamaicensis,Ruddy Duck,LC,False,False,False,True,False,Full migrant,True,True,False,0,,2.1E7,Unknown,,Decreasing,suspected
1016827,24220,"Petrels, Shearwaters",Pterodroma feae,Cape Verde Petrel,NT,False,False,True,False,False,Not a migrant,True,False,True,2600,D2,1.92E7,1000-2000,estimated,Unknown,observed
1016861,24280,"Petrels, Shearwaters",Pterodroma macroptera,Great-winged Petrel,LC,False,False,True,False,False,Full migrant,True,False,True,0,,6.67E7,Unknown,estimated,Decreasing,suspected
1016862,24290,"Petrels, Shearwaters",Pterodroma gouldi,Grey-faced Petrel,LC,False,False,True,False,False,Full migrant,True,False,True,0,,1.75E7,400000-600000,estimated,Decreasing,suspected
1016863,24490,"Petrels, Shearwaters",Calonectris diomedea,Scopoli's Shearwater,LC,False,False,True,False,False,Full migrant,True,False,True,0,,7.43E7,285000-446000,estimated,Decreasing,suspected
1016871,27130,Thick-knees,Burhinus oedicnemus,Eurasian Thick-knee,LC,False,False,False,True,False,Full migrant,True,False,False,0,,2.7E7,360000-589999,estimated,Decreasing,suspected
1016873,30900,"Gulls, Terns, Skimmers",Gelochelidon nilotica,Common Gull-billed Tern,LC,False,False,True,True,False,Full migrant,True,True,True,0,,1.63E8,Unknown,not applicable,Decreasing,suspected
1016874,30910,"Gulls, Terns, Skimmers",Gelochelidon macrotarsa,Australian Gull-billed Tern,LC,False,False,True,True,False,Full migrant,True,True,True,0,,9320000.0,Unknown,estimated,Unknown,suspected
1016876,24590,"Petrels, Shearwaters",Puffinus bryani,Bryan's Shearwater,CR,False,False,True,False,False,Full migrant,True,False,True,0,"C2a(i,ii)",3110000.0,50-249,estimated,Decreasing,suspected
1016877,23150,Southern Storm-petrels,Oceanites pincoyae,Pincoya Storm-petrel,DD,False,False,True,False,False,Unknown,True,False,True,0,,6600.0,2000,estimated,Unknown,not applicable
1016941,24700,"Petrels, Shearwaters",Puffinus assimilis,Little Shearwater,LC,False,False,True,False,False,Full migrant,True,False,True,0,,3.21E7,100000-499999,estimated,Decreasing,suspected
1143639,30030,"Gulls, Terns, Skimmers",Gygis alba,Atlantic White Tern,LC,False,False,True,True,False,Not a migrant,True,False,True,0,,3476000.0,20000-49999,estimated,Stable,suspected
1099052,24880,"Petrels, Shearwaters",Pelecanoides whenuahouensis,Whenua Hou Diving-petrel,CR,False,False,True,False,False,Not a migrant,True,False,True,4,B2ab(iii),1130000.0,200,estimated,Increasing,estimated
1099053,24910,"Petrels, Shearwaters",Pelecanoides georgicus,South Georgia Diving-petrel,LC,False,False,True,False,False,Not a migrant,True,False,True,0,,1.63E7,12000000,suspected,Decreasing,suspected
1101857,26030,Herons,Ardea occidentalis,Great White Heron,EN,False,False,False,True,False,Full migrant,True,True,True,0,C1,264000.0,1000-2499,estimated,Decreasing,estimated
1101858,26020,Herons,Ardea herodias,Great Blue Heron,LC,False,False,False,True,False,Full migrant,True,True,True,0,,1.45E7,500000-4999999,estimated,Increasing,estimated
1143737,23230,Southern Storm-petrels,Fregetta lineata,New Caledonian Storm-petrel,DD,False,False,True,False,False,Full migrant,True,False,True,0,,0.0,200-2000,suspected,Unknown,
1143640,30040,"Gulls, Terns, Skimmers",Gygis candida,Common White Tern,LC,False,False,True,True,False,Not a migrant,True,False,True,0,,7.02E7,50000-99999,estimated,Increasing,suspected
1143641,29280,"Sandpipers, Snipes, Phalaropes",Gallinago paraguaiae,South American Snipe,LC,False,False,False,True,False,Not a migrant,True,True,False,0,,1.67E7,100000-499999,suspected,Stable,suspected
1143642,29290,"Sandpipers, Snipes, Phalaropes",Gallinago magellanica,Magellanic Snipe,LC,False,False,False,True,False,Full migrant,True,True,False,0,,2600000.0,50000-1027000,suspected,Decreasing,suspected
1143700,27920,Plovers,Charadrius atrifrons,Tibetan Sandplover,LC,False,False,False,True,False,Full migrant,True,True,True,0,,4500000.0,400000-480000,estimated,Decreasing,suspected
1143701,27910,Plovers,Charadrius mongolus,Siberian Sandplover,EN,False,False,False,True,False,Full migrant,True,True,True,0,A2bce+4bce,3200000.0,18000-50000,suspected,Decreasing,estimated
